productId,title,price,shopify_variant_id,shopify_sku,cj_pid,cj_vid,cj_variant_sku,confidence,note
cmrhc1enl0006b3ib2aeitv5v,1500mAh Mini Power Emergency Pod Keychain Charger With Type-C Ultra-Compact Mini Battery Pack Fast Charging Backup Power Bank,87586.21,42659397894229,CJCD160452701AZ,1588374756410273792,1588374756481576960,CJCD160452701AZ,high,"Auto-match por SKU ""CJCD160452701AZ"""
cmrhc1enl0006b3ib2aeitv5v,1500mAh Mini Power Emergency Pod Keychain Charger With Type-C Ultra-Compact Mini Battery Pack Fast Charging Backup Power Bank,145586.21,42659397926997,CJCD160452702BY,1588374756410273792,1588374756485771264,CJCD160452702BY,high,"Auto-match por SKU ""CJCD160452701AZ"""
cmrhc1enl0006b3ib2aeitv5v,1500mAh Mini Power Emergency Pod Keychain Charger With Type-C Ultra-Compact Mini Battery Pack Fast Charging Backup Power Bank,117068.97,42659397959765,CJCD160452703CX,1588374756410273792,1588374756485771265,CJCD160452703CX,high,"Auto-match por SKU ""CJCD160452701AZ"""
cmrhc1enl0006b3ib2aeitv5v,1500mAh Mini Power Emergency Pod Keychain Charger With Type-C Ultra-Compact Mini Battery Pack Fast Charging Backup Power Bank,108517.24,42659397992533,CJCD160452704DW,1588374756410273792,1588374756489965568,CJCD160452704DW,high,"Auto-match por SKU ""CJCD160452701AZ"""
cmrhc1enl0006b3ib2aeitv5v,1500mAh Mini Power Emergency Pod Keychain Charger With Type-C Ultra-Compact Mini Battery Pack Fast Charging Backup Power Bank,251724.14,42659398025301,CJCD160452797SH,1588374756410273792,1624258160498323456,CJCD160452797SH,high,"Auto-match por SKU ""CJCD160452701AZ"""
cmrhc1enl0006b3ib2aeitv5v,1500mAh Mini Power Emergency Pod Keychain Charger With Type-C Ultra-Compact Mini Battery Pack Fast Charging Backup Power Bank,87586.21,42659398058069,CJCD1604527130ZA,1588374756410273792,1625045395862728704,CJCD1604527130ZA,high,"Auto-match por SKU ""CJCD160452701AZ"""
cmrhc1enl0006b3ib2aeitv5v,1500mAh Mini Power Emergency Pod Keychain Charger With Type-C Ultra-Compact Mini Battery Pack Fast Charging Backup Power Bank,108517.24,42659398090837,CJCD1604527132BY,1588374756410273792,1625045395862728705,CJCD1604527132BY,high,"Auto-match por SKU ""CJCD160452701AZ"""
cmrhc1enl0006b3ib2aeitv5v,1500mAh Mini Power Emergency Pod Keychain Charger With Type-C Ultra-Compact Mini Battery Pack Fast Charging Backup Power Bank,158275.86,42659398123605,CJCD1604527142LO,1588374756410273792,1647879590917976064,CJCD1604527142LO,high,"Auto-match por SKU ""CJCD160452701AZ"""
cmrhc1enl0006b3ib2aeitv5v,1500mAh Mini Power Emergency Pod Keychain Charger With Type-C Ultra-Compact Mini Battery Pack Fast Charging Backup Power Bank,119482.76,42659398156373,CJCD1604527146PK,1588374756410273792,1647879590980890624,CJCD1604527146PK,high,"Auto-match por SKU ""CJCD160452701AZ"""
cmrhc1enl0006b3ib2aeitv5v,1500mAh Mini Power Emergency Pod Keychain Charger With Type-C Ultra-Compact Mini Battery Pack Fast Charging Backup Power Bank,119482.76,42659398189141,CJCD1604527147QJ,1588374756410273792,1647879591039610880,CJCD1604527147QJ,high,"Auto-match por SKU ""CJCD160452701AZ"""
cmrhc1enl0006b3ib2aeitv5v,1500mAh Mini Power Emergency Pod Keychain Charger With Type-C Ultra-Compact Mini Battery Pack Fast Charging Backup Power Bank,119482.76,42659398221909,CJCD1604527150TG,1588374756410273792,1647879591098331136,CJCD1604527150TG,high,"Auto-match por SKU ""CJCD160452701AZ"""
cmrhc1enl0006b3ib2aeitv5v,1500mAh Mini Power Emergency Pod Keychain Charger With Type-C Ultra-Compact Mini Battery Pack Fast Charging Backup Power Bank,119482.76,42659398254677,CJCD1604527151UF,1588374756410273792,1647879591219965952,CJCD1604527151UF,high,"Auto-match por SKU ""CJCD160452701AZ"""
cmrhc1f1w000ab3ib2jamd4dp,15W 3 In 1 LED Fast Wireless Charger Stand Foldable Charging Station For Smart Phone 15 14 13 12 11 IWatch 9 8 7 6 5 Airpods Pro,124758.62,42659190800469,CJSJ212415201AZ,2408300716221612100,2408300716221612300,CJSJ212415201AZ,high,"Auto-match por SKU ""CJSJ212415201AZ"""
cmrhc1f1w000ab3ib2jamd4dp,15W 3 In 1 LED Fast Wireless Charger Stand Foldable Charging Station For Smart Phone 15 14 13 12 11 IWatch 9 8 7 6 5 Airpods Pro,77793.10,42659190833237,CJSJ212415202BY,2408300716221612100,2408300716221612400,CJSJ212415202BY,high,"Auto-match por SKU ""CJSJ212415201AZ"""
cmrhc1fg2000eb3ibax53x2s9,15W Wireless Chargers Stand 5 In1 LED Digital Alarm Clock Fast Charging Dock Station,190758.62,42659183984725,CJSJ226364701AZ,2501070833041606900,2501070833041607200,CJSJ226364701AZ,high,"Auto-match por SKU ""CJSJ226364701AZ"""
cmrhc1fg2000eb3ibax53x2s9,15W Wireless Chargers Stand 5 In1 LED Digital Alarm Clock Fast Charging Dock Station,190758.62,42659184017493,CJSJ226364702BY,2501070833041606900,2501070833041607300,CJSJ226364702BY,high,"Auto-match por SKU ""CJSJ226364701AZ"""
cmrhc1fg2000eb3ibax53x2s9,15W Wireless Chargers Stand 5 In1 LED Digital Alarm Clock Fast Charging Dock Station,190758.62,42659184050261,CJSJ226364703CX,2501070833041606900,2501070833041607500,CJSJ226364703CX,high,"Auto-match por SKU ""CJSJ226364701AZ"""
cmrhc1fg2000eb3ibax53x2s9,15W Wireless Chargers Stand 5 In1 LED Digital Alarm Clock Fast Charging Dock Station,190758.62,42659184083029,CJSJ226364704DW,2501070833041606900,2501070833041607700,CJSJ226364704DW,high,"Auto-match por SKU ""CJSJ226364701AZ"""
cmrhc1fui000ib3ib5q6hc67j,2 In 1 Heating Mug Cup Warmer Electric Wireless Charger For Home Office Coffee Milk,114448.28,42659228155989,CJXFLPCD00349-Photo color,902A942C-A92F-4629-8E58-C3154682431A,592F2ADB-57B6-438C-928D-C9E8F2D1E6DD,CJXFLPCD00349-Photo color,high,"Auto-match por SKU ""CJXFLPCD00349-Photo color"""
cmrhc1h57000ub3ib93zgc8da,3 In 1 Foldable Wireless Charger Night Light Wireless Charging Station Stonego LED Reading Table Lamp 15W Fast Charging Light,113241.38,42659233988693,CJCD154096301AZ,1556563303525265408,1556563303630123008,CJCD154096301AZ,high,"Auto-match por SKU ""CJCD154096301AZ"""
cmrhc1h57000ub3ib93zgc8da,3 In 1 Foldable Wireless Charger Night Light Wireless Charging Station Stonego LED Reading Table Lamp 15W Fast Charging Light,111413.79,42659234021461,CJCD154096302BY,1556563303525265408,1556563303630123009,CJCD154096302BY,high,"Auto-match por SKU ""CJCD154096301AZ"""
cmrhc1h57000ub3ib93zgc8da,3 In 1 Foldable Wireless Charger Night Light Wireless Charging Station Stonego LED Reading Table Lamp 15W Fast Charging Light,237034.48,42659234054229,CJCD154096303CX,1556563303525265408,1556563303634317312,CJCD154096303CX,high,"Auto-match por SKU ""CJCD154096301AZ"""
cmrhc1h57000ub3ib93zgc8da,3 In 1 Foldable Wireless Charger Night Light Wireless Charging Station Stonego LED Reading Table Lamp 15W Fast Charging Light,237034.48,42659234086997,CJCD154096304DW,1556563303525265408,1556563303638511616,CJCD154096304DW,high,"Auto-match por SKU ""CJCD154096301AZ"""
cmrhc1gra000qb3iby1hx2qu6,3 In 1 Fast Charging Station Wireless Charger Stand Wireless Quick Charge Dock For Phone Holder,411241.38,42659376857173,CJSJSJSJ00914-Black-Apple EU plug,ACD5F972-439D-41E3-B2F2-6071439B0C4E,00F6465B-208F-4366-9494-F201CE9DBEE8,CJSJSJSJ00914-Black-Apple EU plug,high,"Auto-match por SKU ""CJSJSJSJ00914"""
cmrhc1gra000qb3iby1hx2qu6,3 In 1 Fast Charging Station Wireless Charger Stand Wireless Quick Charge Dock For Phone Holder,411241.38,42659376889941,CJSJSJSJ00914-Black-Samsung EU plug,ACD5F972-439D-41E3-B2F2-6071439B0C4E,03C23B69-B6A7-4FB8-BE8D-410CD9640D83,CJSJSJSJ00914-Black-Samsung EU plug,high,"Auto-match por SKU ""CJSJSJSJ00914"""
cmrhc1gra000qb3iby1hx2qu6,3 In 1 Fast Charging Station Wireless Charger Stand Wireless Quick Charge Dock For Phone Holder,412206.90,42659376922709,CJSJSJSJ00914-Black-Apple,ACD5F972-439D-41E3-B2F2-6071439B0C4E,095D4AE8-CB30-4A36-B69C-178591FD96BF,CJSJSJSJ00914-Black-Apple,high,"Auto-match por SKU ""CJSJSJSJ00914"""
cmrhc1gra000qb3iby1hx2qu6,3 In 1 Fast Charging Station Wireless Charger Stand Wireless Quick Charge Dock For Phone Holder,715931.03,42659376955477,CJSJSJSJ00914-Black UK-Samsung,ACD5F972-439D-41E3-B2F2-6071439B0C4E,13E1DF77-0F38-4086-8DE5-B38AF8D183FD,CJSJSJSJ00914-Black UK-Samsung,high,"Auto-match por SKU ""CJSJSJSJ00914"""
cmrhc1gra000qb3iby1hx2qu6,3 In 1 Fast Charging Station Wireless Charger Stand Wireless Quick Charge Dock For Phone Holder,879758.62,42659376988245,CJSJSJSJ00914-Black-Apple UK,ACD5F972-439D-41E3-B2F2-6071439B0C4E,1423852130967621632,CJSJSJSJ00914-Black-Apple UK,high,"Auto-match por SKU ""CJSJSJSJ00914"""
cmrhc1gra000qb3iby1hx2qu6,3 In 1 Fast Charging Station Wireless Charger Stand Wireless Quick Charge Dock For Phone Holder,1099344.83,42659377021013,CJSJSJSJ00914-Black 3pcs-Apple AUplug,ACD5F972-439D-41E3-B2F2-6071439B0C4E,14CA8C15-7322-4475-AC73-53CAA044A6CB,CJSJSJSJ00914-Black 3pcs-Apple AUplug,high,"Auto-match por SKU ""CJSJSJSJ00914"""
cmrhc1gra000qb3iby1hx2qu6,3 In 1 Fast Charging Station Wireless Charger Stand Wireless Quick Charge Dock For Phone Holder,482620.69,42659377053781,CJSJSJSJ00914-Black Set1-Apple US plug,ACD5F972-439D-41E3-B2F2-6071439B0C4E,1655401479135563776,CJSJSJSJ00914-Black Set1-Apple US plug,high,"Auto-match por SKU ""CJSJSJSJ00914"""
cmrhc1gra000qb3iby1hx2qu6,3 In 1 Fast Charging Station Wireless Charger Stand Wireless Quick Charge Dock For Phone Holder,479137.93,42659377086549,CJSJSJSJ00914-Black Set2-Apple US plug,ACD5F972-439D-41E3-B2F2-6071439B0C4E,1655401479244615680,CJSJSJSJ00914-Black Set2-Apple US plug,high,"Auto-match por SKU ""CJSJSJSJ00914"""
cmrhc1gra000qb3iby1hx2qu6,3 In 1 Fast Charging Station Wireless Charger Stand Wireless Quick Charge Dock For Phone Holder,472172.41,42659377119317,CJSJSJSJ00914-Black Set3-Apple US plug,ACD5F972-439D-41E3-B2F2-6071439B0C4E,1655401479357861888,CJSJSJSJ00914-Black Set3-Apple US plug,high,"Auto-match por SKU ""CJSJSJSJ00914"""
cmrhc1gra000qb3iby1hx2qu6,3 In 1 Fast Charging Station Wireless Charger Stand Wireless Quick Charge Dock For Phone Holder,468689.66,42659377152085,CJSJSJSJ00914-Black Set4-Apple US plug,ACD5F972-439D-41E3-B2F2-6071439B0C4E,1655401479475302400,CJSJSJSJ00914-Black Set4-Apple US plug,high,"Auto-match por SKU ""CJSJSJSJ00914"""
cmrhc1gra000qb3iby1hx2qu6,3 In 1 Fast Charging Station Wireless Charger Stand Wireless Quick Charge Dock For Phone Holder,482620.69,42659377184853,CJSJSJSJ00914-Black Set5-Apple US plug,ACD5F972-439D-41E3-B2F2-6071439B0C4E,1655401479584354304,CJSJSJSJ00914-Black Set5-Apple US plug,high,"Auto-match por SKU ""CJSJSJSJ00914"""
cmrhc1gra000qb3iby1hx2qu6,3 In 1 Fast Charging Station Wireless Charger Stand Wireless Quick Charge Dock For Phone Holder,479137.93,42659377217621,CJSJSJSJ00914-Black Set6-Apple US plug,ACD5F972-439D-41E3-B2F2-6071439B0C4E,1655401479693406208,CJSJSJSJ00914-Black Set6-Apple US plug,high,"Auto-match por SKU ""CJSJSJSJ00914"""
cmrhc1gra000qb3iby1hx2qu6,3 In 1 Fast Charging Station Wireless Charger Stand Wireless Quick Charge Dock For Phone Holder,472172.41,42659377250389,CJSJSJSJ00914-Black Set7-Apple US plug,ACD5F972-439D-41E3-B2F2-6071439B0C4E,1655401479802458112,CJSJSJSJ00914-Black Set7-Apple US plug,high,"Auto-match por SKU ""CJSJSJSJ00914"""
cmrhc1gra000qb3iby1hx2qu6,3 In 1 Fast Charging Station Wireless Charger Stand Wireless Quick Charge Dock For Phone Holder,468689.66,42659377283157,CJSJSJSJ00914-Black Set8-Apple US plug,ACD5F972-439D-41E3-B2F2-6071439B0C4E,1655401479915704320,CJSJSJSJ00914-Black Set8-Apple US plug,high,"Auto-match por SKU ""CJSJSJSJ00914"""
cmrhc1gra000qb3iby1hx2qu6,3 In 1 Fast Charging Station Wireless Charger Stand Wireless Quick Charge Dock For Phone Holder,482620.69,42659377315925,CJSJSJSJ00914-Black Set9-Apple US plug,ACD5F972-439D-41E3-B2F2-6071439B0C4E,1655401480024756224,CJSJSJSJ00914-Black Set9-Apple US plug,high,"Auto-match por SKU ""CJSJSJSJ00914"""
cmrhc1gra000qb3iby1hx2qu6,3 In 1 Fast Charging Station Wireless Charger Stand Wireless Quick Charge Dock For Phone Holder,479137.93,42659377348693,CJSJSJSJ00914-Black Set10-Apple US plug,ACD5F972-439D-41E3-B2F2-6071439B0C4E,1655401480142196736,CJSJSJSJ00914-Black Set10-Apple US plug,high,"Auto-match por SKU ""CJSJSJSJ00914"""
cmrhc1gra000qb3iby1hx2qu6,3 In 1 Fast Charging Station Wireless Charger Stand Wireless Quick Charge Dock For Phone Holder,472172.41,42659377381461,CJSJSJSJ00914-Black Set11-Apple US plug,ACD5F972-439D-41E3-B2F2-6071439B0C4E,1655401480247054336,CJSJSJSJ00914-Black Set11-Apple US plug,high,"Auto-match por SKU ""CJSJSJSJ00914"""
cmrhc1gra000qb3iby1hx2qu6,3 In 1 Fast Charging Station Wireless Charger Stand Wireless Quick Charge Dock For Phone Holder,468689.66,42659377414229,CJSJSJSJ00914-Black Set12-Apple US plug,ACD5F972-439D-41E3-B2F2-6071439B0C4E,1655401480356106240,CJSJSJSJ00914-Black Set12-Apple US plug,high,"Auto-match por SKU ""CJSJSJSJ00914"""
cmrhc1gra000qb3iby1hx2qu6,3 In 1 Fast Charging Station Wireless Charger Stand Wireless Quick Charge Dock For Phone Holder,482620.69,42659377446997,CJSJSJSJ00914-White Set1-Apple US plug,ACD5F972-439D-41E3-B2F2-6071439B0C4E,1655401480465158144,CJSJSJSJ00914-White Set1-Apple US plug,high,"Auto-match por SKU ""CJSJSJSJ00914"""
cmrhc1gra000qb3iby1hx2qu6,3 In 1 Fast Charging Station Wireless Charger Stand Wireless Quick Charge Dock For Phone Holder,479137.93,42659377479765,CJSJSJSJ00914-White Set2-Apple US plug,ACD5F972-439D-41E3-B2F2-6071439B0C4E,1655401480565821440,CJSJSJSJ00914-White Set2-Apple US plug,high,"Auto-match por SKU ""CJSJSJSJ00914"""
cmrhc1gra000qb3iby1hx2qu6,3 In 1 Fast Charging Station Wireless Charger Stand Wireless Quick Charge Dock For Phone Holder,472172.41,42659377512533,CJSJSJSJ00914-White Set3-Apple US plug,ACD5F972-439D-41E3-B2F2-6071439B0C4E,1655401480653901824,CJSJSJSJ00914-White Set3-Apple US plug,high,"Auto-match por SKU ""CJSJSJSJ00914"""
cmrhc1gra000qb3iby1hx2qu6,3 In 1 Fast Charging Station Wireless Charger Stand Wireless Quick Charge Dock For Phone Holder,468689.66,42659377545301,CJSJSJSJ00914-White Set4-Apple US plug,ACD5F972-439D-41E3-B2F2-6071439B0C4E,1655401480741982208,CJSJSJSJ00914-White Set4-Apple US plug,high,"Auto-match por SKU ""CJSJSJSJ00914"""
cmrhc1gra000qb3iby1hx2qu6,3 In 1 Fast Charging Station Wireless Charger Stand Wireless Quick Charge Dock For Phone Holder,482620.69,42659377578069,CJSJSJSJ00914-White Set5-Apple US plug,ACD5F972-439D-41E3-B2F2-6071439B0C4E,1655401480825868288,CJSJSJSJ00914-White Set5-Apple US plug,high,"Auto-match por SKU ""CJSJSJSJ00914"""
cmrhc1gra000qb3iby1hx2qu6,3 In 1 Fast Charging Station Wireless Charger Stand Wireless Quick Charge Dock For Phone Holder,479137.93,42659377610837,CJSJSJSJ00914-White Set6-Apple US plug,ACD5F972-439D-41E3-B2F2-6071439B0C4E,1655401480909754368,CJSJSJSJ00914-White Set6-Apple US plug,high,"Auto-match por SKU ""CJSJSJSJ00914"""
cmrhc1gra000qb3iby1hx2qu6,3 In 1 Fast Charging Station Wireless Charger Stand Wireless Quick Charge Dock For Phone Holder,472172.41,42659377643605,CJSJSJSJ00914-White Set7-Apple US plug,ACD5F972-439D-41E3-B2F2-6071439B0C4E,1655401480989446144,CJSJSJSJ00914-White Set7-Apple US plug,high,"Auto-match por SKU ""CJSJSJSJ00914"""
cmrhc1gra000qb3iby1hx2qu6,3 In 1 Fast Charging Station Wireless Charger Stand Wireless Quick Charge Dock For Phone Holder,468689.66,42659377676373,CJSJSJSJ00914-White Set8-Apple US plug,ACD5F972-439D-41E3-B2F2-6071439B0C4E,1655401481069137920,CJSJSJSJ00914-White Set8-Apple US plug,high,"Auto-match por SKU ""CJSJSJSJ00914"""
cmrhc1gra000qb3iby1hx2qu6,3 In 1 Fast Charging Station Wireless Charger Stand Wireless Quick Charge Dock For Phone Holder,482620.69,42659377709141,CJSJSJSJ00914-White Set9-Apple US plug,ACD5F972-439D-41E3-B2F2-6071439B0C4E,1655401481140441088,CJSJSJSJ00914-White Set9-Apple US plug,high,"Auto-match por SKU ""CJSJSJSJ00914"""
cmrhc1gra000qb3iby1hx2qu6,3 In 1 Fast Charging Station Wireless Charger Stand Wireless Quick Charge Dock For Phone Holder,479137.93,42659377741909,CJSJSJSJ00914-White Set10-Apple US plug,ACD5F972-439D-41E3-B2F2-6071439B0C4E,1655401481215938560,CJSJSJSJ00914-White Set10-Apple US plug,high,"Auto-match por SKU ""CJSJSJSJ00914"""
cmrhc1gra000qb3iby1hx2qu6,3 In 1 Fast Charging Station Wireless Charger Stand Wireless Quick Charge Dock For Phone Holder,472172.41,42659377774677,CJSJSJSJ00914-White Set11-Apple US plug,ACD5F972-439D-41E3-B2F2-6071439B0C4E,1655401481291436032,CJSJSJSJ00914-White Set11-Apple US plug,high,"Auto-match por SKU ""CJSJSJSJ00914"""
cmrhc1gra000qb3iby1hx2qu6,3 In 1 Fast Charging Station Wireless Charger Stand Wireless Quick Charge Dock For Phone Holder,468689.66,42659377807445,CJSJSJSJ00914-White Set12-Apple US plug,ACD5F972-439D-41E3-B2F2-6071439B0C4E,1655401481366933504,CJSJSJSJ00914-White Set12-Apple US plug,high,"Auto-match por SKU ""CJSJSJSJ00914"""
cmrhc1gra000qb3iby1hx2qu6,3 In 1 Fast Charging Station Wireless Charger Stand Wireless Quick Charge Dock For Phone Holder,689793.10,42659377840213,CJSJSJSJ00914-White-Apple2pc,ACD5F972-439D-41E3-B2F2-6071439B0C4E,226A7E4D-E10D-43F3-A6B5-800441734C99,CJSJSJSJ00914-White-Apple2pc,high,"Auto-match por SKU ""CJSJSJSJ00914"""
cmrhc1gra000qb3iby1hx2qu6,3 In 1 Fast Charging Station Wireless Charger Stand Wireless Quick Charge Dock For Phone Holder,689793.10,42659377872981,CJSJSJSJ00914-1Black 1White-Apple,ACD5F972-439D-41E3-B2F2-6071439B0C4E,2E20B760-5CDA-46AB-A740-BFD005C9506C,CJSJSJSJ00914-1Black 1White-Apple,high,"Auto-match por SKU ""CJSJSJSJ00914"""
cmrhc1gra000qb3iby1hx2qu6,3 In 1 Fast Charging Station Wireless Charger Stand Wireless Quick Charge Dock For Phone Holder,715931.03,42659377905749,CJSJSJSJ00914-White UK-Samsung,ACD5F972-439D-41E3-B2F2-6071439B0C4E,2F45CA61-D446-4E03-96D4-D92E5FAF56C3,CJSJSJSJ00914-White UK-Samsung,high,"Auto-match por SKU ""CJSJSJSJ00914"""
cmrhc1gra000qb3iby1hx2qu6,3 In 1 Fast Charging Station Wireless Charger Stand Wireless Quick Charge Dock For Phone Holder,1102034.48,42659377938517,CJSJSJSJ00914-3PCS black-Apple,ACD5F972-439D-41E3-B2F2-6071439B0C4E,39F2226C-3918-485A-AD39-F9E830C0B527,CJSJSJSJ00914-3PCS black-Apple,high,"Auto-match por SKU ""CJSJSJSJ00914"""
cmrhc1gra000qb3iby1hx2qu6,3 In 1 Fast Charging Station Wireless Charger Stand Wireless Quick Charge Dock For Phone Holder,755206.90,42659377971285,CJSJSJSJ00914-White 2pcs-Apple AUplug,ACD5F972-439D-41E3-B2F2-6071439B0C4E,3FD04ABB-19DE-4D6D-AC72-D256537C06B9,CJSJSJSJ00914-White 2pcs-Apple AUplug,high,"Auto-match por SKU ""CJSJSJSJ00914"""
cmrhc1gra000qb3iby1hx2qu6,3 In 1 Fast Charging Station Wireless Charger Stand Wireless Quick Charge Dock For Phone Holder,1099344.83,42659378004053,CJSJSJSJ00914-Black 3pcs-Samsung AU,ACD5F972-439D-41E3-B2F2-6071439B0C4E,41040C93-E74D-4ABF-9513-EB698DAC204E,CJSJSJSJ00914-Black 3pcs-Samsung AU,high,"Auto-match por SKU ""CJSJSJSJ00914"""
cmrhc1gra000qb3iby1hx2qu6,3 In 1 Fast Charging Station Wireless Charger Stand Wireless Quick Charge Dock For Phone Holder,755206.90,42659378036821,CJSJSJSJ00914-Black 2pcs-Samsung AU,ACD5F972-439D-41E3-B2F2-6071439B0C4E,41F4F7C0-B78F-460D-9ABD-BA948985A328,CJSJSJSJ00914-Black 2pcs-Samsung AU,high,"Auto-match por SKU ""CJSJSJSJ00914"""
cmrhc1gra000qb3iby1hx2qu6,3 In 1 Fast Charging Station Wireless Charger Stand Wireless Quick Charge Dock For Phone Holder,411241.38,42659378069589,CJSJSJSJ00914-White-Samsung EU plug,ACD5F972-439D-41E3-B2F2-6071439B0C4E,427D997C-0B86-4809-B256-E9D9819F31CA,CJSJSJSJ00914-White-Samsung EU plug,high,"Auto-match por SKU ""CJSJSJSJ00914"""
cmrhc1gra000qb3iby1hx2qu6,3 In 1 Fast Charging Station Wireless Charger Stand Wireless Quick Charge Dock For Phone Holder,689793.10,42659378102357,CJSJSJSJ00914-Black-Samsung2pc,ACD5F972-439D-41E3-B2F2-6071439B0C4E,473F98AD-445B-46ED-895C-F5D266396E2C,CJSJSJSJ00914-Black-Samsung2pc,high,"Auto-match por SKU ""CJSJSJSJ00914"""
cmrhc1gra000qb3iby1hx2qu6,3 In 1 Fast Charging Station Wireless Charger Stand Wireless Quick Charge Dock For Phone Holder,1001068.97,42659378135125,CJSJSJSJ00914-3PCS White-Apple,ACD5F972-439D-41E3-B2F2-6071439B0C4E,49B75728-851A-4404-AFDD-895FDEE3FB7E,CJSJSJSJ00914-3PCS White-Apple,high,"Auto-match por SKU ""CJSJSJSJ00914"""
cmrhc1gra000qb3iby1hx2qu6,3 In 1 Fast Charging Station Wireless Charger Stand Wireless Quick Charge Dock For Phone Holder,689793.10,42659378167893,CJSJSJSJ00914-1Black 1White-Samsung,ACD5F972-439D-41E3-B2F2-6071439B0C4E,4DDBCDCF-446A-437E-9C25-D8C1F81A1F68,CJSJSJSJ00914-1Black 1White-Samsung,high,"Auto-match por SKU ""CJSJSJSJ00914"""
cmrhc1gra000qb3iby1hx2qu6,3 In 1 Fast Charging Station Wireless Charger Stand Wireless Quick Charge Dock For Phone Holder,755206.90,42659378200661,CJSJSJSJ00914-Black 2pcs-Apple AUplug,ACD5F972-439D-41E3-B2F2-6071439B0C4E,4EEA0527-43A6-41FA-A52D-87D232A76650,CJSJSJSJ00914-Black 2pcs-Apple AUplug,high,"Auto-match por SKU ""CJSJSJSJ00914"""
cmrhc1gra000qb3iby1hx2qu6,3 In 1 Fast Charging Station Wireless Charger Stand Wireless Quick Charge Dock For Phone Holder,1099344.83,42659378233429,CJSJSJSJ00914-White 3pcs-Apple AUplug,ACD5F972-439D-41E3-B2F2-6071439B0C4E,50704AEF-4E4A-4A64-B4D2-A2102CC41C98,CJSJSJSJ00914-White 3pcs-Apple AUplug,high,"Auto-match por SKU ""CJSJSJSJ00914"""
cmrhc1gra000qb3iby1hx2qu6,3 In 1 Fast Charging Station Wireless Charger Stand Wireless Quick Charge Dock For Phone Holder,715931.03,42659378266197,CJSJSJSJ00914-White UK-Apple,ACD5F972-439D-41E3-B2F2-6071439B0C4E,610D6973-A612-4EE0-9858-7DC48293F7C9,CJSJSJSJ00914-White UK-Apple,high,"Auto-match por SKU ""CJSJSJSJ00914"""
cmrhc1gra000qb3iby1hx2qu6,3 In 1 Fast Charging Station Wireless Charger Stand Wireless Quick Charge Dock For Phone Holder,411241.38,42659378298965,CJSJSJSJ00914-White-Apple AUplug,ACD5F972-439D-41E3-B2F2-6071439B0C4E,62045D3E-0DB3-4AEF-9036-C1442ABA3131,CJSJSJSJ00914-White-Apple AUplug,high,"Auto-match por SKU ""CJSJSJSJ00914"""
cmrhc1gra000qb3iby1hx2qu6,3 In 1 Fast Charging Station Wireless Charger Stand Wireless Quick Charge Dock For Phone Holder,1099344.83,42659378331733,CJSJSJSJ00914-White 3pcs-Samsung AU,ACD5F972-439D-41E3-B2F2-6071439B0C4E,626871FF-F782-43DC-B92B-7DFB557DF606,CJSJSJSJ00914-White 3pcs-Samsung AU,high,"Auto-match por SKU ""CJSJSJSJ00914"""
cmrhc1gra000qb3iby1hx2qu6,3 In 1 Fast Charging Station Wireless Charger Stand Wireless Quick Charge Dock For Phone Holder,1001068.97,42659378364501,CJSJSJSJ00914-3PCS White-Samsung,ACD5F972-439D-41E3-B2F2-6071439B0C4E,66C40106-5181-4F91-B777-91B7673505D1,CJSJSJSJ00914-3PCS White-Samsung,high,"Auto-match por SKU ""CJSJSJSJ00914"""
cmrhc1gra000qb3iby1hx2qu6,3 In 1 Fast Charging Station Wireless Charger Stand Wireless Quick Charge Dock For Phone Holder,689793.10,42659378397269,CJSJSJSJ00914-White-Samsung2pc,ACD5F972-439D-41E3-B2F2-6071439B0C4E,8AEA4CA3-2FC1-4E30-AC58-EF6B2A03A7CD,CJSJSJSJ00914-White-Samsung2pc,high,"Auto-match por SKU ""CJSJSJSJ00914"""
cmrhc1gra000qb3iby1hx2qu6,3 In 1 Fast Charging Station Wireless Charger Stand Wireless Quick Charge Dock For Phone Holder,719034.48,42659378430037,CJSJSJSJ00914-Black-Apple AUplug,ACD5F972-439D-41E3-B2F2-6071439B0C4E,8D6B23D6-0834-49C3-BEA9-A7C5BCF13F30,CJSJSJSJ00914-Black-Apple AUplug,high,"Auto-match por SKU ""CJSJSJSJ00914"""
cmrhc1gra000qb3iby1hx2qu6,3 In 1 Fast Charging Station Wireless Charger Stand Wireless Quick Charge Dock For Phone Holder,411241.38,42659378462805,CJSJSJSJ00914-White-Samsung AU plug,ACD5F972-439D-41E3-B2F2-6071439B0C4E,8DF0A1E2-851C-4CA0-8F33-08BB661047BF,CJSJSJSJ00914-White-Samsung AU plug,high,"Auto-match por SKU ""CJSJSJSJ00914"""
cmrhc1gra000qb3iby1hx2qu6,3 In 1 Fast Charging Station Wireless Charger Stand Wireless Quick Charge Dock For Phone Holder,411241.38,42659378495573,CJSJSJSJ00914-White-Samsung US plug,ACD5F972-439D-41E3-B2F2-6071439B0C4E,A33F17D0-D6AB-43E2-9D0D-D2B1E0A18CA0,CJSJSJSJ00914-White-Samsung US plug,high,"Auto-match por SKU ""CJSJSJSJ00914"""
cmrhc1gra000qb3iby1hx2qu6,3 In 1 Fast Charging Station Wireless Charger Stand Wireless Quick Charge Dock For Phone Holder,755206.90,42659378528341,CJSJSJSJ00914-White 2pcs-Samsung AU,ACD5F972-439D-41E3-B2F2-6071439B0C4E,A8365AF3-69A9-4378-AFA5-C4B0B08D934C,CJSJSJSJ00914-White 2pcs-Samsung AU,high,"Auto-match por SKU ""CJSJSJSJ00914"""
cmrhc1gra000qb3iby1hx2qu6,3 In 1 Fast Charging Station Wireless Charger Stand Wireless Quick Charge Dock For Phone Holder,1001068.97,42659378561109,CJSJSJSJ00914-3PCS Black-Samsung,ACD5F972-439D-41E3-B2F2-6071439B0C4E,AD20147E-6FB5-4CCA-8DE9-652D6B1E1E30,CJSJSJSJ00914-3PCS Black-Samsung,high,"Auto-match por SKU ""CJSJSJSJ00914"""
cmrhc1gra000qb3iby1hx2qu6,3 In 1 Fast Charging Station Wireless Charger Stand Wireless Quick Charge Dock For Phone Holder,411241.38,42659378593877,CJSJSJSJ00914-White-Apple US plug,ACD5F972-439D-41E3-B2F2-6071439B0C4E,AF3DFC73-96A4-46A6-A089-A483657C5E1D,CJSJSJSJ00914-White-Apple US plug,high,"Auto-match por SKU ""CJSJSJSJ00914"""
cmrhc1gra000qb3iby1hx2qu6,3 In 1 Fast Charging Station Wireless Charger Stand Wireless Quick Charge Dock For Phone Holder,378551.72,42659378626645,CJSJSJSJ00914-White-Apple,ACD5F972-439D-41E3-B2F2-6071439B0C4E,B29F1EEF-A998-49F8-86F5-6FBA64EF0C1B,CJSJSJSJ00914-White-Apple,high,"Auto-match por SKU ""CJSJSJSJ00914"""
cmrhc1gra000qb3iby1hx2qu6,3 In 1 Fast Charging Station Wireless Charger Stand Wireless Quick Charge Dock For Phone Holder,689793.10,42659378659413,CJSJSJSJ00914-Black-Apple2pc,ACD5F972-439D-41E3-B2F2-6071439B0C4E,C453E2AB-01F5-4C7F-85F2-2C681ADC313C,CJSJSJSJ00914-Black-Apple2pc,high,"Auto-match por SKU ""CJSJSJSJ00914"""
cmrhc1gra000qb3iby1hx2qu6,3 In 1 Fast Charging Station Wireless Charger Stand Wireless Quick Charge Dock For Phone Holder,378551.72,42659378692181,CJSJSJSJ00914-Black-Samsung,ACD5F972-439D-41E3-B2F2-6071439B0C4E,D4B81591-6EE1-4935-AE17-F7993C9F8A8F,CJSJSJSJ00914-Black-Samsung,high,"Auto-match por SKU ""CJSJSJSJ00914"""
cmrhc1gra000qb3iby1hx2qu6,3 In 1 Fast Charging Station Wireless Charger Stand Wireless Quick Charge Dock For Phone Holder,421689.66,42659378724949,CJSJSJSJ00914-Black-Samsung US plug,ACD5F972-439D-41E3-B2F2-6071439B0C4E,E946B9E5-6D91-4063-B410-FE2099DDA7D9,CJSJSJSJ00914-Black-Samsung US plug,high,"Auto-match por SKU ""CJSJSJSJ00914"""
cmrhc1gra000qb3iby1hx2qu6,3 In 1 Fast Charging Station Wireless Charger Stand Wireless Quick Charge Dock For Phone Holder,421689.66,42659378757717,CJSJSJSJ00914-Black-Apple US plug,ACD5F972-439D-41E3-B2F2-6071439B0C4E,F3B3CBB2-9F0A-49AA-8558-6157E2870D43,CJSJSJSJ00914-Black-Apple US plug,high,"Auto-match por SKU ""CJSJSJSJ00914"""
cmrhc1gra000qb3iby1hx2qu6,3 In 1 Fast Charging Station Wireless Charger Stand Wireless Quick Charge Dock For Phone Holder,388034.48,42659378790485,CJSJSJSJ00914-White-Samsung,ACD5F972-439D-41E3-B2F2-6071439B0C4E,F44BF82F-CCA1-4CF3-B9C6-D188198F56A4,CJSJSJSJ00914-White-Samsung,high,"Auto-match por SKU ""CJSJSJSJ00914"""
cmrhc1gra000qb3iby1hx2qu6,3 In 1 Fast Charging Station Wireless Charger Stand Wireless Quick Charge Dock For Phone Holder,411241.38,42659378823253,CJSJSJSJ00914-Black-Samsung AU plug,ACD5F972-439D-41E3-B2F2-6071439B0C4E,F82F4F2E-22A4-46FB-B72A-1FED5CA56CB8,CJSJSJSJ00914-Black-Samsung AU plug,high,"Auto-match por SKU ""CJSJSJSJ00914"""
cmrhc1hj3000yb3ibw18ohm99,3 In 1 Magnetic Foldable Wireless Charger Charging Station Multi-device Folding Cell Phone Wireless Charger Gadgets,188965.52,42659183624277,CJCD167028701AZ,1619525256841015296,1619525256924901376,CJCD167028701AZ,high,"Auto-match por SKU ""CJCD167028701AZ"""
cmrhc1ip7001ab3ibx8cjzx5w,30000mAh Power Bank,162689.66,42659328065621,CJSJSJCD00141-Black,87D9114B-236F-4B92-8448-55D1739A8211,11488DD0-B94C-458A-8F57-4963963DC131,CJSJSJCD00141-Black,high,"Auto-match por SKU ""CJSJSJCD00141-Black"""
cmrhc1ip7001ab3ibx8cjzx5w,30000mAh Power Bank,162689.66,42659328098389,CJSJSJCD00141-Red,87D9114B-236F-4B92-8448-55D1739A8211,94276129-FCE6-4756-BF14-8D20B36732BF,CJSJSJCD00141-Red,high,"Auto-match por SKU ""CJSJSJCD00141-Black"""
cmrhc1hxa0012b3ibogtueyk3,3 IN 1 Magnetic Folding Wireless Charger Station For IPhone Transparent Fast Charging For IWatch And Airpods,458517.24,42659390914645,CJSJ175369701AZ,1655768494589349888,1655768494677430272,CJSJ175369701AZ,high,"Auto-match por SKU ""CJSJ175369701AZ"""
cmrhc1jvo001mb3ib8uz9o8g2,360 Degree Spiral Base Lazy Mobile Phone Tablet Stand,137655.17,42659297263701,CJSJSJSJ00008-Black,3052B795-EB62-41A2-8B3D-F97948B20132,170D9F7D-7071-4E4A-A73E-CC5A3B66F020,CJSJSJSJ00008-Black,high,"Auto-match por SKU ""CJSJSJSJ00008-Black"""
cmrhc1jvo001mb3ib8uz9o8g2,360 Degree Spiral Base Lazy Mobile Phone Tablet Stand,55413.79,42659297296469,CJSJSJSJ00008-Universal Blue,3052B795-EB62-41A2-8B3D-F97948B20132,2406070742051622000,CJSJSJSJ00008-Universal Blue,high,"Auto-match por SKU ""CJSJSJSJ00008-Black"""
cmrhc1jvo001mb3ib8uz9o8g2,360 Degree Spiral Base Lazy Mobile Phone Tablet Stand,55413.79,42659297329237,CJSJSJSJ00008-Universal Pink,3052B795-EB62-41A2-8B3D-F97948B20132,2406070742051622200,CJSJSJSJ00008-Universal Pink,high,"Auto-match por SKU ""CJSJSJSJ00008-Black"""
cmrhc1jvo001mb3ib8uz9o8g2,360 Degree Spiral Base Lazy Mobile Phone Tablet Stand,75517.24,42659297362005,CJSJSJSJ00008-White,3052B795-EB62-41A2-8B3D-F97948B20132,D691E0A0-6D2B-4CD9-A963-46C2266F6071,CJSJSJSJ00008-White,high,"Auto-match por SKU ""CJSJSJSJ00008-Black"""
cmrhc1j2y001eb3ibytnr6spt,360 Auto Face Tracking Gimbal AI Smart Gimbal Face Tracking Auto Phone Holder For Smartphone Video Vlog Live Stabilizer Tripod,331034.48,42659387015253,CJSJ1623187-Black,1597165945188405248,1597165945230348288,CJSJ1623187-Black,high,"Auto-match por SKU ""CJSJ1623187-Black"""
cmrhc1j2y001eb3ibytnr6spt,360 Auto Face Tracking Gimbal AI Smart Gimbal Face Tracking Auto Phone Holder For Smartphone Video Vlog Live Stabilizer Tripod,331034.48,42659387048021,CJSJ1623187-White,1597165945188405248,1597165945230348289,CJSJ1623187-White,high,"Auto-match por SKU ""CJSJ1623187-Black"""
cmrhc1j2y001eb3ibytnr6spt,360 Auto Face Tracking Gimbal AI Smart Gimbal Face Tracking Auto Phone Holder For Smartphone Video Vlog Live Stabilizer Tripod,331034.48,42659387080789,CJSJ1623187-Pink,1597165945188405248,1597165945230348290,CJSJ1623187-Pink,high,"Auto-match por SKU ""CJSJ1623187-Black"""
cmrhc1j2y001eb3ibytnr6spt,360 Auto Face Tracking Gimbal AI Smart Gimbal Face Tracking Auto Phone Holder For Smartphone Video Vlog Live Stabilizer Tripod,483793.10,42659387113557,CJSJ162318704DW,1597165945188405248,1842775201764233216,CJSJ162318704DW,high,"Auto-match por SKU ""CJSJ1623187-Black"""
cmrhc1j2y001eb3ibytnr6spt,360 Auto Face Tracking Gimbal AI Smart Gimbal Face Tracking Auto Phone Holder For Smartphone Video Vlog Live Stabilizer Tripod,483793.10,42659387146325,CJSJ162318705EV,1597165945188405248,1842775201764233217,CJSJ162318705EV,high,"Auto-match por SKU ""CJSJ1623187-Black"""
cmrhc1k9f001qb3ibj51rzj38,3D Astronaut Phone Case Anti-Drop Electroplating Bracket,53551.72,42659363782741,CJGJ150876401AZ,,,,low,No se encontro producto CJ por SKU. Buscar manualmente en dashboard de CJ.
cmrhc1k9f001qb3ibj51rzj38,3D Astronaut Phone Case Anti-Drop Electroplating Bracket,53551.72,42659363815509,CJGJ150876402BY,,,,low,No se encontro producto CJ por SKU. Buscar manualmente en dashboard de CJ.
cmrhc1k9f001qb3ibj51rzj38,3D Astronaut Phone Case Anti-Drop Electroplating Bracket,53551.72,42659363848277,CJGJ150876403CX,,,,low,No se encontro producto CJ por SKU. Buscar manualmente en dashboard de CJ.
cmrhc1k9f001qb3ibj51rzj38,3D Astronaut Phone Case Anti-Drop Electroplating Bracket,53551.72,42659363881045,CJGJ150876404DW,,,,low,No se encontro producto CJ por SKU. Buscar manualmente en dashboard de CJ.
cmrhc1k9f001qb3ibj51rzj38,3D Astronaut Phone Case Anti-Drop Electroplating Bracket,53551.72,42659363913813,CJGJ150876405EV,,,,low,No se encontro producto CJ por SKU. Buscar manualmente en dashboard de CJ.
cmrhc1k9f001qb3ibj51rzj38,3D Astronaut Phone Case Anti-Drop Electroplating Bracket,53551.72,42659363946581,CJGJ150876406FU,,,,low,No se encontro producto CJ por SKU. Buscar manualmente en dashboard de CJ.
cmrhc1k9f001qb3ibj51rzj38,3D Astronaut Phone Case Anti-Drop Electroplating Bracket,53551.72,42659363979349,CJGJ150876407GT,,,,low,No se encontro producto CJ por SKU. Buscar manualmente en dashboard de CJ.
cmrhc1k9f001qb3ibj51rzj38,3D Astronaut Phone Case Anti-Drop Electroplating Bracket,53551.72,42659364012117,CJGJ150876408HS,,,,low,No se encontro producto CJ por SKU. Buscar manualmente en dashboard de CJ.
cmrhc1k9f001qb3ibj51rzj38,3D Astronaut Phone Case Anti-Drop Electroplating Bracket,53551.72,42659364044885,CJGJ150876409IR,,,,low,No se encontro producto CJ por SKU. Buscar manualmente en dashboard de CJ.
cmrhc1k9f001qb3ibj51rzj38,3D Astronaut Phone Case Anti-Drop Electroplating Bracket,53551.72,42659364077653,CJGJ150876410JQ,,,,low,No se encontro producto CJ por SKU. Buscar manualmente en dashboard de CJ.
cmrhc1k9f001qb3ibj51rzj38,3D Astronaut Phone Case Anti-Drop Electroplating Bracket,53551.72,42659364110421,CJGJ150876411KP,,,,low,No se encontro producto CJ por SKU. Buscar manualmente en dashboard de CJ.
cmrhc1k9f001qb3ibj51rzj38,3D Astronaut Phone Case Anti-Drop Electroplating Bracket,53551.72,42659364143189,CJGJ150876412LO,,,,low,No se encontro producto CJ por SKU. Buscar manualmente en dashboard de CJ.
cmrhc1k9f001qb3ibj51rzj38,3D Astronaut Phone Case Anti-Drop Electroplating Bracket,53551.72,42659364175957,CJGJ150876413MN,,,,low,No se encontro producto CJ por SKU. Buscar manualmente en dashboard de CJ.
cmrhc1k9f001qb3ibj51rzj38,3D Astronaut Phone Case Anti-Drop Electroplating Bracket,53551.72,42659364208725,CJGJ150876414NM,,,,low,No se encontro producto CJ por SKU. Buscar manualmente en dashboard de CJ.
cmrhc1k9f001qb3ibj51rzj38,3D Astronaut Phone Case Anti-Drop Electroplating Bracket,53551.72,42659364241493,CJGJ150876415OL,,,,low,No se encontro producto CJ por SKU. Buscar manualmente en dashboard de CJ.
cmrhc1k9f001qb3ibj51rzj38,3D Astronaut Phone Case Anti-Drop Electroplating Bracket,53551.72,42659364274261,CJGJ150876416PK,,,,low,No se encontro producto CJ por SKU. Buscar manualmente en dashboard de CJ.
cmrhc1k9f001qb3ibj51rzj38,3D Astronaut Phone Case Anti-Drop Electroplating Bracket,53551.72,42659364307029,CJGJ150876417QJ,,,,low,No se encontro producto CJ por SKU. Buscar manualmente en dashboard de CJ.
cmrhc1k9f001qb3ibj51rzj38,3D Astronaut Phone Case Anti-Drop Electroplating Bracket,53551.72,42659364339797,CJGJ150876418RI,,,,low,No se encontro producto CJ por SKU. Buscar manualmente en dashboard de CJ.
cmrhc1k9f001qb3ibj51rzj38,3D Astronaut Phone Case Anti-Drop Electroplating Bracket,53551.72,42659364372565,CJGJ150876419SH,,,,low,No se encontro producto CJ por SKU. Buscar manualmente en dashboard de CJ.
cmrhc1k9f001qb3ibj51rzj38,3D Astronaut Phone Case Anti-Drop Electroplating Bracket,53551.72,42659364405333,CJGJ150876420TG,,,,low,No se encontro producto CJ por SKU. Buscar manualmente en dashboard de CJ.
cmrhc1k9f001qb3ibj51rzj38,3D Astronaut Phone Case Anti-Drop Electroplating Bracket,54931.03,42659364438101,CJGJ150876421UF,,,,low,No se encontro producto CJ por SKU. Buscar manualmente en dashboard de CJ.
cmrhc1k9f001qb3ibj51rzj38,3D Astronaut Phone Case Anti-Drop Electroplating Bracket,53551.72,42659364470869,CJGJ150876422VE,,,,low,No se encontro producto CJ por SKU. Buscar manualmente en dashboard de CJ.
cmrhc1k9f001qb3ibj51rzj38,3D Astronaut Phone Case Anti-Drop Electroplating Bracket,53551.72,42659364503637,CJGJ150876423WD,,,,low,No se encontro producto CJ por SKU. Buscar manualmente en dashboard de CJ.
cmrhc1k9f001qb3ibj51rzj38,3D Astronaut Phone Case Anti-Drop Electroplating Bracket,53551.72,42659364536405,CJGJ150876424XC,,,,low,No se encontro producto CJ por SKU. Buscar manualmente en dashboard de CJ.
cmrhc1k9f001qb3ibj51rzj38,3D Astronaut Phone Case Anti-Drop Electroplating Bracket,53551.72,42659364569173,CJGJ150876425YB,,,,low,No se encontro producto CJ por SKU. Buscar manualmente en dashboard de CJ.
cmrhc1k9f001qb3ibj51rzj38,3D Astronaut Phone Case Anti-Drop Electroplating Bracket,53551.72,42659364601941,CJGJ150876426ZA,,,,low,No se encontro producto CJ por SKU. Buscar manualmente en dashboard de CJ.
cmrhc1k9f001qb3ibj51rzj38,3D Astronaut Phone Case Anti-Drop Electroplating Bracket,53551.72,42659364634709,CJGJ150876427AZ,,,,low,No se encontro producto CJ por SKU. Buscar manualmente en dashboard de CJ.
cmrhc1k9f001qb3ibj51rzj38,3D Astronaut Phone Case Anti-Drop Electroplating Bracket,53551.72,42659364667477,CJGJ150876428BY,,,,low,No se encontro producto CJ por SKU. Buscar manualmente en dashboard de CJ.
cmrhc1k9f001qb3ibj51rzj38,3D Astronaut Phone Case Anti-Drop Electroplating Bracket,53551.72,42659364700245,CJGJ150876429CX,,,,low,No se encontro producto CJ por SKU. Buscar manualmente en dashboard de CJ.
cmrhc1k9f001qb3ibj51rzj38,3D Astronaut Phone Case Anti-Drop Electroplating Bracket,53551.72,42659364733013,CJGJ150876430DW,,,,low,No se encontro producto CJ por SKU. Buscar manualmente en dashboard de CJ.
cmrhc1k9f001qb3ibj51rzj38,3D Astronaut Phone Case Anti-Drop Electroplating Bracket,53551.72,42659364765781,CJGJ150876431EV,,,,low,No se encontro producto CJ por SKU. Buscar manualmente en dashboard de CJ.
cmrhc1k9f001qb3ibj51rzj38,3D Astronaut Phone Case Anti-Drop Electroplating Bracket,53551.72,42659364798549,CJGJ150876432FU,,,,low,No se encontro producto CJ por SKU. Buscar manualmente en dashboard de CJ.
cmrhc1k9f001qb3ibj51rzj38,3D Astronaut Phone Case Anti-Drop Electroplating Bracket,53551.72,42659364831317,CJGJ150876433GT,,,,low,No se encontro producto CJ por SKU. Buscar manualmente en dashboard de CJ.
cmrhc1k9f001qb3ibj51rzj38,3D Astronaut Phone Case Anti-Drop Electroplating Bracket,53551.72,42659364864085,CJGJ150876434HS,,,,low,No se encontro producto CJ por SKU. Buscar manualmente en dashboard de CJ.
cmrhc1k9f001qb3ibj51rzj38,3D Astronaut Phone Case Anti-Drop Electroplating Bracket,53551.72,42659364896853,CJGJ150876435IR,,,,low,No se encontro producto CJ por SKU. Buscar manualmente en dashboard de CJ.
cmrhc1k9f001qb3ibj51rzj38,3D Astronaut Phone Case Anti-Drop Electroplating Bracket,53551.72,42659364929621,CJGJ150876436JQ,,,,low,No se encontro producto CJ por SKU. Buscar manualmente en dashboard de CJ.
cmrhc1k9f001qb3ibj51rzj38,3D Astronaut Phone Case Anti-Drop Electroplating Bracket,53551.72,42659364962389,CJGJ150876437KP,,,,low,No se encontro producto CJ por SKU. Buscar manualmente en dashboard de CJ.
cmrhc1k9f001qb3ibj51rzj38,3D Astronaut Phone Case Anti-Drop Electroplating Bracket,53551.72,42659364995157,CJGJ150876438LO,,,,low,No se encontro producto CJ por SKU. Buscar manualmente en dashboard de CJ.
cmrhc1k9f001qb3ibj51rzj38,3D Astronaut Phone Case Anti-Drop Electroplating Bracket,53551.72,42659365027925,CJGJ150876439MN,,,,low,No se encontro producto CJ por SKU. Buscar manualmente en dashboard de CJ.
cmrhc1k9f001qb3ibj51rzj38,3D Astronaut Phone Case Anti-Drop Electroplating Bracket,53551.72,42659365060693,CJGJ150876440NM,,,,low,No se encontro producto CJ por SKU. Buscar manualmente en dashboard de CJ.
cmrhc1k9f001qb3ibj51rzj38,3D Astronaut Phone Case Anti-Drop Electroplating Bracket,53551.72,42659365093461,CJGJ150876441OL,,,,low,No se encontro producto CJ por SKU. Buscar manualmente en dashboard de CJ.
cmrhc1k9f001qb3ibj51rzj38,3D Astronaut Phone Case Anti-Drop Electroplating Bracket,53551.72,42659365126229,CJGJ150876442PK,,,,low,No se encontro producto CJ por SKU. Buscar manualmente en dashboard de CJ.
cmrhc1k9f001qb3ibj51rzj38,3D Astronaut Phone Case Anti-Drop Electroplating Bracket,53551.72,42659365158997,CJGJ150876443QJ,,,,low,No se encontro producto CJ por SKU. Buscar manualmente en dashboard de CJ.
cmrhc1k9f001qb3ibj51rzj38,3D Astronaut Phone Case Anti-Drop Electroplating Bracket,53551.72,42659365191765,CJGJ150876444RI,,,,low,No se encontro producto CJ por SKU. Buscar manualmente en dashboard de CJ.
cmrhc1k9f001qb3ibj51rzj38,3D Astronaut Phone Case Anti-Drop Electroplating Bracket,53551.72,42659365224533,CJGJ150876445SH,,,,low,No se encontro producto CJ por SKU. Buscar manualmente en dashboard de CJ.
cmrhc1k9f001qb3ibj51rzj38,3D Astronaut Phone Case Anti-Drop Electroplating Bracket,53551.72,42659365257301,CJGJ150876446TG,,,,low,No se encontro producto CJ por SKU. Buscar manualmente en dashboard de CJ.
cmrhc1k9f001qb3ibj51rzj38,3D Astronaut Phone Case Anti-Drop Electroplating Bracket,53551.72,42659365290069,CJGJ150876447UF,,,,low,No se encontro producto CJ por SKU. Buscar manualmente en dashboard de CJ.
cmrhc1k9f001qb3ibj51rzj38,3D Astronaut Phone Case Anti-Drop Electroplating Bracket,53551.72,42659365322837,CJGJ150876448VE,,,,low,No se encontro producto CJ por SKU. Buscar manualmente en dashboard de CJ.
cmrhc1k9f001qb3ibj51rzj38,3D Astronaut Phone Case Anti-Drop Electroplating Bracket,53551.72,42659365355605,CJGJ150876449WD,,,,low,No se encontro producto CJ por SKU. Buscar manualmente en dashboard de CJ.
cmrhc1k9f001qb3ibj51rzj38,3D Astronaut Phone Case Anti-Drop Electroplating Bracket,53551.72,42659365388373,CJGJ150876450XC,,,,low,No se encontro producto CJ por SKU. Buscar manualmente en dashboard de CJ.
cmrhc1k9f001qb3ibj51rzj38,3D Astronaut Phone Case Anti-Drop Electroplating Bracket,53551.72,42659365421141,CJGJ150876451YB,,,,low,No se encontro producto CJ por SKU. Buscar manualmente en dashboard de CJ.
cmrhc1k9f001qb3ibj51rzj38,3D Astronaut Phone Case Anti-Drop Electroplating Bracket,53551.72,42659365453909,CJGJ150876452ZA,,,,low,No se encontro producto CJ por SKU. Buscar manualmente en dashboard de CJ.
cmrhc1k9f001qb3ibj51rzj38,3D Astronaut Phone Case Anti-Drop Electroplating Bracket,53551.72,42659365486677,CJGJ150876453AZ,,,,low,No se encontro producto CJ por SKU. Buscar manualmente en dashboard de CJ.
cmrhc1k9f001qb3ibj51rzj38,3D Astronaut Phone Case Anti-Drop Electroplating Bracket,53551.72,42659365519445,CJGJ150876454BY,,,,low,No se encontro producto CJ por SKU. Buscar manualmente en dashboard de CJ.
cmrhc1k9f001qb3ibj51rzj38,3D Astronaut Phone Case Anti-Drop Electroplating Bracket,53551.72,42659365552213,CJGJ150876455CX,,,,low,No se encontro producto CJ por SKU. Buscar manualmente en dashboard de CJ.
cmrhc1k9f001qb3ibj51rzj38,3D Astronaut Phone Case Anti-Drop Electroplating Bracket,53551.72,42659365584981,CJGJ150876456DW,,,,low,No se encontro producto CJ por SKU. Buscar manualmente en dashboard de CJ.
cmrhc1k9f001qb3ibj51rzj38,3D Astronaut Phone Case Anti-Drop Electroplating Bracket,53551.72,42659365617749,CJGJ150876457EV,,,,low,No se encontro producto CJ por SKU. Buscar manualmente en dashboard de CJ.
cmrhc1k9f001qb3ibj51rzj38,3D Astronaut Phone Case Anti-Drop Electroplating Bracket,53551.72,42659365650517,CJGJ150876458FU,,,,low,No se encontro producto CJ por SKU. Buscar manualmente en dashboard de CJ.
cmrhc1k9f001qb3ibj51rzj38,3D Astronaut Phone Case Anti-Drop Electroplating Bracket,53551.72,42659365683285,CJGJ150876459GT,,,,low,No se encontro producto CJ por SKU. Buscar manualmente en dashboard de CJ.
cmrhc1k9f001qb3ibj51rzj38,3D Astronaut Phone Case Anti-Drop Electroplating Bracket,53551.72,42659365716053,CJGJ150876460HS,,,,low,No se encontro producto CJ por SKU. Buscar manualmente en dashboard de CJ.
cmrhc1k9f001qb3ibj51rzj38,3D Astronaut Phone Case Anti-Drop Electroplating Bracket,53551.72,42659365748821,CJGJ150876461IR,,,,low,No se encontro producto CJ por SKU. Buscar manualmente en dashboard de CJ.
cmrhc1k9f001qb3ibj51rzj38,3D Astronaut Phone Case Anti-Drop Electroplating Bracket,53551.72,42659365781589,CJGJ150876462JQ,,,,low,No se encontro producto CJ por SKU. Buscar manualmente en dashboard de CJ.
cmrhc1k9f001qb3ibj51rzj38,3D Astronaut Phone Case Anti-Drop Electroplating Bracket,53551.72,42659365814357,CJGJ150876463KP,,,,low,No se encontro producto CJ por SKU. Buscar manualmente en dashboard de CJ.
cmrhc1k9f001qb3ibj51rzj38,3D Astronaut Phone Case Anti-Drop Electroplating Bracket,53551.72,42659365847125,CJGJ150876464LO,,,,low,No se encontro producto CJ por SKU. Buscar manualmente en dashboard de CJ.
cmrhc1k9f001qb3ibj51rzj38,3D Astronaut Phone Case Anti-Drop Electroplating Bracket,53551.72,42659365879893,CJGJ150876465MN,,,,low,No se encontro producto CJ por SKU. Buscar manualmente en dashboard de CJ.
cmrhc1k9f001qb3ibj51rzj38,3D Astronaut Phone Case Anti-Drop Electroplating Bracket,53551.72,42659365912661,CJGJ150876466NM,,,,low,No se encontro producto CJ por SKU. Buscar manualmente en dashboard de CJ.
cmrhc1k9f001qb3ibj51rzj38,3D Astronaut Phone Case Anti-Drop Electroplating Bracket,53551.72,42659365945429,CJGJ150876467OL,,,,low,No se encontro producto CJ por SKU. Buscar manualmente en dashboard de CJ.
cmrhc1k9f001qb3ibj51rzj38,3D Astronaut Phone Case Anti-Drop Electroplating Bracket,53551.72,42659365978197,CJGJ150876468PK,,,,low,No se encontro producto CJ por SKU. Buscar manualmente en dashboard de CJ.
cmrhc1k9f001qb3ibj51rzj38,3D Astronaut Phone Case Anti-Drop Electroplating Bracket,53551.72,42659366010965,CJGJ150876469QJ,,,,low,No se encontro producto CJ por SKU. Buscar manualmente en dashboard de CJ.
cmrhc1k9f001qb3ibj51rzj38,3D Astronaut Phone Case Anti-Drop Electroplating Bracket,53551.72,42659366043733,CJGJ150876470RI,,,,low,No se encontro producto CJ por SKU. Buscar manualmente en dashboard de CJ.
cmrhc1k9f001qb3ibj51rzj38,3D Astronaut Phone Case Anti-Drop Electroplating Bracket,53551.72,42659366076501,CJGJ150876471SH,,,,low,No se encontro producto CJ por SKU. Buscar manualmente en dashboard de CJ.
cmrhc1k9f001qb3ibj51rzj38,3D Astronaut Phone Case Anti-Drop Electroplating Bracket,53551.72,42659366109269,CJGJ150876472TG,,,,low,No se encontro producto CJ por SKU. Buscar manualmente en dashboard de CJ.
cmrhc1k9f001qb3ibj51rzj38,3D Astronaut Phone Case Anti-Drop Electroplating Bracket,53551.72,42659366142037,CJGJ150876473UF,,,,low,No se encontro producto CJ por SKU. Buscar manualmente en dashboard de CJ.
cmrhc1k9f001qb3ibj51rzj38,3D Astronaut Phone Case Anti-Drop Electroplating Bracket,53551.72,42659366174805,CJGJ150876474VE,,,,low,No se encontro producto CJ por SKU. Buscar manualmente en dashboard de CJ.
cmrhc1k9f001qb3ibj51rzj38,3D Astronaut Phone Case Anti-Drop Electroplating Bracket,53551.72,42659366207573,CJGJ150876475WD,,,,low,No se encontro producto CJ por SKU. Buscar manualmente en dashboard de CJ.
cmrhc1k9f001qb3ibj51rzj38,3D Astronaut Phone Case Anti-Drop Electroplating Bracket,53551.72,42659366240341,CJGJ150876476XC,,,,low,No se encontro producto CJ por SKU. Buscar manualmente en dashboard de CJ.
cmrhc1k9f001qb3ibj51rzj38,3D Astronaut Phone Case Anti-Drop Electroplating Bracket,53551.72,42659366273109,CJGJ150876477YB,,,,low,No se encontro producto CJ por SKU. Buscar manualmente en dashboard de CJ.
cmrhc1k9f001qb3ibj51rzj38,3D Astronaut Phone Case Anti-Drop Electroplating Bracket,53551.72,42659366305877,CJGJ150876478ZA,,,,low,No se encontro producto CJ por SKU. Buscar manualmente en dashboard de CJ.
cmrhc1k9f001qb3ibj51rzj38,3D Astronaut Phone Case Anti-Drop Electroplating Bracket,53551.72,42659366338645,CJGJ150876479AZ,,,,low,No se encontro producto CJ por SKU. Buscar manualmente en dashboard de CJ.
cmrhc1k9f001qb3ibj51rzj38,3D Astronaut Phone Case Anti-Drop Electroplating Bracket,53551.72,42659366371413,CJGJ150876480BY,,,,low,No se encontro producto CJ por SKU. Buscar manualmente en dashboard de CJ.
cmrhc1k9f001qb3ibj51rzj38,3D Astronaut Phone Case Anti-Drop Electroplating Bracket,53551.72,42659366404181,CJGJ150876481CX,,,,low,No se encontro producto CJ por SKU. Buscar manualmente en dashboard de CJ.
cmrhc1k9f001qb3ibj51rzj38,3D Astronaut Phone Case Anti-Drop Electroplating Bracket,53551.72,42659366436949,CJGJ150876482DW,,,,low,No se encontro producto CJ por SKU. Buscar manualmente en dashboard de CJ.
cmrhc1k9f001qb3ibj51rzj38,3D Astronaut Phone Case Anti-Drop Electroplating Bracket,53551.72,42659366469717,CJGJ150876483EV,,,,low,No se encontro producto CJ por SKU. Buscar manualmente en dashboard de CJ.
cmrhc1k9f001qb3ibj51rzj38,3D Astronaut Phone Case Anti-Drop Electroplating Bracket,53551.72,42659366502485,CJGJ150876484FU,,,,low,No se encontro producto CJ por SKU. Buscar manualmente en dashboard de CJ.
cmrhc1k9f001qb3ibj51rzj38,3D Astronaut Phone Case Anti-Drop Electroplating Bracket,53551.72,42659366535253,CJGJ150876485GT,,,,low,No se encontro producto CJ por SKU. Buscar manualmente en dashboard de CJ.
cmrhc1k9f001qb3ibj51rzj38,3D Astronaut Phone Case Anti-Drop Electroplating Bracket,53551.72,42659366568021,CJGJ150876486HS,,,,low,No se encontro producto CJ por SKU. Buscar manualmente en dashboard de CJ.
cmrhc1k9f001qb3ibj51rzj38,3D Astronaut Phone Case Anti-Drop Electroplating Bracket,53551.72,42659366600789,CJGJ150876487IR,,,,low,No se encontro producto CJ por SKU. Buscar manualmente en dashboard de CJ.
cmrhc1k9f001qb3ibj51rzj38,3D Astronaut Phone Case Anti-Drop Electroplating Bracket,53551.72,42659366633557,CJGJ150876488JQ,,,,low,No se encontro producto CJ por SKU. Buscar manualmente en dashboard de CJ.
cmrhc1k9f001qb3ibj51rzj38,3D Astronaut Phone Case Anti-Drop Electroplating Bracket,53551.72,42659366666325,CJGJ150876489KP,,,,low,No se encontro producto CJ por SKU. Buscar manualmente en dashboard de CJ.
cmrhc1k9f001qb3ibj51rzj38,3D Astronaut Phone Case Anti-Drop Electroplating Bracket,53551.72,42659366699093,CJGJ150876490LO,,,,low,No se encontro producto CJ por SKU. Buscar manualmente en dashboard de CJ.
cmrhc1k9f001qb3ibj51rzj38,3D Astronaut Phone Case Anti-Drop Electroplating Bracket,53551.72,42659366731861,CJGJ150876491MN,,,,low,No se encontro producto CJ por SKU. Buscar manualmente en dashboard de CJ.
cmrhc1k9f001qb3ibj51rzj38,3D Astronaut Phone Case Anti-Drop Electroplating Bracket,53551.72,42659366764629,CJGJ150876492NM,,,,low,No se encontro producto CJ por SKU. Buscar manualmente en dashboard de CJ.
cmrhc1k9f001qb3ibj51rzj38,3D Astronaut Phone Case Anti-Drop Electroplating Bracket,53551.72,42659366797397,CJGJ150876493OL,,,,low,No se encontro producto CJ por SKU. Buscar manualmente en dashboard de CJ.
cmrhc1k9f001qb3ibj51rzj38,3D Astronaut Phone Case Anti-Drop Electroplating Bracket,53551.72,42659366830165,CJGJ150876494PK,,,,low,No se encontro producto CJ por SKU. Buscar manualmente en dashboard de CJ.
cmrhc1k9f001qb3ibj51rzj38,3D Astronaut Phone Case Anti-Drop Electroplating Bracket,53551.72,42659366862933,CJGJ150876495QJ,,,,low,No se encontro producto CJ por SKU. Buscar manualmente en dashboard de CJ.
cmrhc1k9f001qb3ibj51rzj38,3D Astronaut Phone Case Anti-Drop Electroplating Bracket,53551.72,42659366895701,CJGJ150876496RI,,,,low,No se encontro producto CJ por SKU. Buscar manualmente en dashboard de CJ.
cmrhc1l1t001yb3ibowc0ckvx,4 in 1 Fast Charging Station,103655.17,42659363487829,CJSJSJCD00195-White-Wireless charging,FEBF6808-5D52-4C95-B1A6-FBA5D78EBCC2,84F216C2-6FE8-475C-AB18-F483A76E23DC,CJSJSJCD00195-White-Wireless charging,high,"Auto-match por SKU ""CJSJSJCD00195-White-Wireless charging"""
cmrhc1l1t001yb3ibowc0ckvx,4 in 1 Fast Charging Station,103655.17,42659363520597,CJSJSJCD00195-Black-Wireless charging,FEBF6808-5D52-4C95-B1A6-FBA5D78EBCC2,AA272727-058D-48C5-878C-50329F9BC44F,CJSJSJCD00195-Black-Wireless charging,high,"Auto-match por SKU ""CJSJSJCD00195-White-Wireless charging"""
cmrhc1lko0022b3ibmv7jyomk,4 In 1 Magnetic Wireless Charger Fast Charging For Smart Phone Atmosphere Light Charging Station For Airpods Pro I-phone Watch,180551.72,42659231268949,CJYD179346901AZ,1676481746642153472,1676481746721845248,CJYD179346901AZ,high,"Auto-match por SKU ""CJYD179346901AZ"""
cmrhc1lko0022b3ibmv7jyomk,4 In 1 Magnetic Wireless Charger Fast Charging For Smart Phone Atmosphere Light Charging Station For Airpods Pro I-phone Watch,255482.76,42659231301717,CJYD179346902BY,1676481746642153472,1676481746776371200,CJYD179346902BY,high,"Auto-match por SKU ""CJYD179346901AZ"""
cmrhc1lyi0026b3ibyfzppxtu,4 In 1 Retractable USB Cable Creative Macaron Type C Micro Cable For I Phone With Phone Stand Charging Data Cable Line Storage Box,65103.45,42659379249237,CJSJ104079801AZ,1370636491453239296,1370636492803805184,CJSJ104079801AZ,high,"Auto-match por SKU ""CJSJ104079801AZ"""
cmrhc1lyi0026b3ibyfzppxtu,4 In 1 Retractable USB Cable Creative Macaron Type C Micro Cable For I Phone With Phone Stand Charging Data Cable Line Storage Box,96896.55,42659379282005,CJSJ104079802BY,1370636491453239296,1370636492841553920,CJSJ104079802BY,high,"Auto-match por SKU ""CJSJ104079801AZ"""
cmrhc1lyi0026b3ibyfzppxtu,4 In 1 Retractable USB Cable Creative Macaron Type C Micro Cable For I Phone With Phone Stand Charging Data Cable Line Storage Box,84413.79,42659379314773,CJSJ104079803CX,1370636491453239296,1370636492883496960,CJSJ104079803CX,high,"Auto-match por SKU ""CJSJ104079801AZ"""
cmrhc1lyi0026b3ibyfzppxtu,4 In 1 Retractable USB Cable Creative Macaron Type C Micro Cable For I Phone With Phone Stand Charging Data Cable Line Storage Box,72586.21,42659379347541,CJSJ104079804DW,1370636491453239296,1370636492921245696,CJSJ104079804DW,high,"Auto-match por SKU ""CJSJ104079801AZ"""
cmrhc1lyi0026b3ibyfzppxtu,4 In 1 Retractable USB Cable Creative Macaron Type C Micro Cable For I Phone With Phone Stand Charging Data Cable Line Storage Box,65103.45,42659379380309,CJSJ104079805EV,1370636491453239296,1370636492958994432,CJSJ104079805EV,high,"Auto-match por SKU ""CJSJ104079801AZ"""
cmrhc1lyi0026b3ibyfzppxtu,4 In 1 Retractable USB Cable Creative Macaron Type C Micro Cable For I Phone With Phone Stand Charging Data Cable Line Storage Box,65103.45,42659379413077,CJSJ104079806FU,1370636491453239296,1370636492992548864,CJSJ104079806FU,high,"Auto-match por SKU ""CJSJ104079801AZ"""
cmrhc1jhd001ib3ibons25l10,360 Degree Rotation Universal Car Phone Holder,95689.66,42659353854037,CJSJSJSJ00396-Mysterious black 2pcs,8F3B9DDB-D6C0-431F-8248-B056F021A019,1647107810032881664,CJSJSJSJ00396-Mysterious black 2pcs,high,"Auto-match por SKU ""CJSJSJSJ00396-Mysterious black 2pcs"""
cmrhc1jhd001ib3ibons25l10,360 Degree Rotation Universal Car Phone Holder,63965.52,42659353886805,CJSJSJSJ00396-Mysterious black,8F3B9DDB-D6C0-431F-8248-B056F021A019,D146D436-8FCD-45FD-8297-C70F8A6E867C,CJSJSJSJ00396-Mysterious black,high,"Auto-match por SKU ""CJSJSJSJ00396-Mysterious black 2pcs"""
cmrhc1dy40002b3ib1674bu5h,1080P LED Mini High Definition Projector,478551.72,42659182051413,CJSJYDSJ00002-Yellow-AU,FAA57DF9-2EF9-4FAC-9BB6-17155951902E,01F8E617-E1C4-498C-AA37-A6E8102F5EE5,CJSJYDSJ00002-Yellow-AU,high,"Auto-match por SKU ""CJSJYDSJ00002-Yellow-AU"""
cmrhc1dy40002b3ib1674bu5h,1080P LED Mini High Definition Projector,449206.90,42659182084181,CJSJYDSJ00002-Yellow-UK,FAA57DF9-2EF9-4FAC-9BB6-17155951902E,0C636769-C138-4711-9CB9-9A26E26A3811,CJSJYDSJ00002-Yellow-UK,high,"Auto-match por SKU ""CJSJYDSJ00002-Yellow-AU"""
cmrhc1dy40002b3ib1674bu5h,1080P LED Mini High Definition Projector,425793.10,42659182116949,CJSJYDSJ00002-Blue set-AU,FAA57DF9-2EF9-4FAC-9BB6-17155951902E,18A0337E-D9CD-4883-BCCD-0A90BCC97BB6,CJSJYDSJ00002-Blue set-AU,high,"Auto-match por SKU ""CJSJYDSJ00002-Yellow-AU"""
cmrhc1dy40002b3ib1674bu5h,1080P LED Mini High Definition Projector,473103.45,42659182149717,CJSJYDSJ00002-Yellow-UK 16GB,FAA57DF9-2EF9-4FAC-9BB6-17155951902E,1A83303B-FF36-482C-8F8A-D74C5F236BF4,CJSJYDSJ00002-Yellow-UK 16GB,high,"Auto-match por SKU ""CJSJYDSJ00002-Yellow-AU"""
cmrhc1dy40002b3ib1674bu5h,1080P LED Mini High Definition Projector,422931.03,42659182182485,CJSJYDSJ00002-Blackset-US,FAA57DF9-2EF9-4FAC-9BB6-17155951902E,2504130231121615600,CJSJYDSJ00002-Blackset-US,high,"Auto-match por SKU ""CJSJYDSJ00002-Yellow-AU"""
cmrhc1dy40002b3ib1674bu5h,1080P LED Mini High Definition Projector,408620.69,42659182215253,CJSJYDSJ00002-Black-AU,FAA57DF9-2EF9-4FAC-9BB6-17155951902E,28C6C8DD-C1B6-4E60-86CB-F24B92E97DF4,CJSJYDSJ00002-Black-AU,high,"Auto-match por SKU ""CJSJYDSJ00002-Yellow-AU"""
cmrhc1dy40002b3ib1674bu5h,1080P LED Mini High Definition Projector,471862.07,42659182248021,CJSJYDSJ00002-Yellow-UK 8GB,FAA57DF9-2EF9-4FAC-9BB6-17155951902E,2E044375-56DC-4A1E-BD74-6A0D1BE763DD,CJSJYDSJ00002-Yellow-UK 8GB,high,"Auto-match por SKU ""CJSJYDSJ00002-Yellow-AU"""
cmrhc1dy40002b3ib1674bu5h,1080P LED Mini High Definition Projector,444448.28,42659182280789,CJSJYDSJ00002-Yellow set-UK,FAA57DF9-2EF9-4FAC-9BB6-17155951902E,30822154-BD23-44E3-871A-93B90CD958CF,CJSJYDSJ00002-Yellow set-UK,high,"Auto-match por SKU ""CJSJYDSJ00002-Yellow-AU"""
cmrhc1dy40002b3ib1674bu5h,1080P LED Mini High Definition Projector,471862.07,42659182313557,CJSJYDSJ00002-Yellow-AU 8GB,FAA57DF9-2EF9-4FAC-9BB6-17155951902E,3710BC60-8083-4B76-8152-835F6E9F06D2,CJSJYDSJ00002-Yellow-AU 8GB,high,"Auto-match por SKU ""CJSJYDSJ00002-Yellow-AU"""
cmrhc1dy40002b3ib1674bu5h,1080P LED Mini High Definition Projector,408620.69,42659182346325,CJSJYDSJ00002-Black-UK,FAA57DF9-2EF9-4FAC-9BB6-17155951902E,404963EF-117F-4102-AD56-9D2428441908,CJSJYDSJ00002-Black-UK,high,"Auto-match por SKU ""CJSJYDSJ00002-Yellow-AU"""
cmrhc1dy40002b3ib1674bu5h,1080P LED Mini High Definition Projector,75137.93,42659182379093,CJSJYDSJ00002-32GB-SD card,FAA57DF9-2EF9-4FAC-9BB6-17155951902E,425BCD0D-DB64-4321-8BB6-EAE69B5FFCB6,CJSJYDSJ00002-32GB-SD card,high,"Auto-match por SKU ""CJSJYDSJ00002-Yellow-AU"""
cmrhc1dy40002b3ib1674bu5h,1080P LED Mini High Definition Projector,101655.17,42659182411861,CJSJYDSJ00002-16GB-SD card,FAA57DF9-2EF9-4FAC-9BB6-17155951902E,43BB438B-57B5-4FEB-AF0E-A2B7AE1EDD3A,CJSJYDSJ00002-16GB-SD card,high,"Auto-match por SKU ""CJSJYDSJ00002-Yellow-AU"""
cmrhc1dy40002b3ib1674bu5h,1080P LED Mini High Definition Projector,437241.38,42659182444629,CJSJYDSJ00002-Blue set-US,FAA57DF9-2EF9-4FAC-9BB6-17155951902E,45C21992-B7D9-40D3-9810-BB5115B62D70,CJSJYDSJ00002-Blue set-US,high,"Auto-match por SKU ""CJSJYDSJ00002-Yellow-AU"""
cmrhc1dy40002b3ib1674bu5h,1080P LED Mini High Definition Projector,581896.55,42659182477397,CJSJYDSJ00002-Yellow-UK 64GB,FAA57DF9-2EF9-4FAC-9BB6-17155951902E,4A71207B-9C86-4A33-AF26-A3B0BE2EE0D1,CJSJYDSJ00002-Yellow-UK 64GB,high,"Auto-match por SKU ""CJSJYDSJ00002-Yellow-AU"""
cmrhc1dy40002b3ib1674bu5h,1080P LED Mini High Definition Projector,408620.69,42659182510165,CJSJYDSJ00002-Black-EU,FAA57DF9-2EF9-4FAC-9BB6-17155951902E,4E4893EA-4429-4085-B645-51A7E548945C,CJSJYDSJ00002-Black-EU,high,"Auto-match por SKU ""CJSJYDSJ00002-Yellow-AU"""
cmrhc1dy40002b3ib1674bu5h,1080P LED Mini High Definition Projector,581896.55,42659182542933,CJSJYDSJ00002-Yellow-AU 64GB,FAA57DF9-2EF9-4FAC-9BB6-17155951902E,4F5FBF4B-3BA7-4741-9518-DFC001439E9E,CJSJYDSJ00002-Yellow-AU 64GB,high,"Auto-match por SKU ""CJSJYDSJ00002-Yellow-AU"""
cmrhc1dy40002b3ib1674bu5h,1080P LED Mini High Definition Projector,416689.66,42659182575701,CJSJYDSJ00002-Black set-AU,FAA57DF9-2EF9-4FAC-9BB6-17155951902E,523B1F61-9F43-4223-975B-6848839223E4,CJSJYDSJ00002-Black set-AU,high,"Auto-match por SKU ""CJSJYDSJ00002-Yellow-AU"""
cmrhc1dy40002b3ib1674bu5h,1080P LED Mini High Definition Projector,480551.72,42659182608469,CJSJYDSJ00002-Yellow-EU 32GB,FAA57DF9-2EF9-4FAC-9BB6-17155951902E,584FA571-7B6A-40DC-BFBB-6A212AAEE88E,CJSJYDSJ00002-Yellow-EU 32GB,high,"Auto-match por SKU ""CJSJYDSJ00002-Yellow-AU"""
cmrhc1dy40002b3ib1674bu5h,1080P LED Mini High Definition Projector,470620.69,42659182641237,CJSJYDSJ00002-Yellow-UK 4GB,FAA57DF9-2EF9-4FAC-9BB6-17155951902E,611B8918-1D1F-400C-B9C9-45EE281D3074,CJSJYDSJ00002-Yellow-UK 4GB,high,"Auto-match por SKU ""CJSJYDSJ00002-Yellow-AU"""
cmrhc1dy40002b3ib1674bu5h,1080P LED Mini High Definition Projector,480551.72,42659182674005,CJSJYDSJ00002-Yellow-AU 32GB,FAA57DF9-2EF9-4FAC-9BB6-17155951902E,69EC0CA1-D35D-4CF6-8C67-6A4B19250E77,CJSJYDSJ00002-Yellow-AU 32GB,high,"Auto-match por SKU ""CJSJYDSJ00002-Yellow-AU"""
cmrhc1dy40002b3ib1674bu5h,1080P LED Mini High Definition Projector,425793.10,42659182706773,CJSJYDSJ00002-Blue set-UK,FAA57DF9-2EF9-4FAC-9BB6-17155951902E,749DEBFF-2199-42C7-BCBF-43C46EC57F66,CJSJYDSJ00002-Blue set-UK,high,"Auto-match por SKU ""CJSJYDSJ00002-Yellow-AU"""
cmrhc1dy40002b3ib1674bu5h,1080P LED Mini High Definition Projector,470620.69,42659182739541,CJSJYDSJ00002-Yellow-US 4GB,FAA57DF9-2EF9-4FAC-9BB6-17155951902E,769716D6-1625-4DF4-923C-205E8081B9D8,CJSJYDSJ00002-Yellow-US 4GB,high,"Auto-match por SKU ""CJSJYDSJ00002-Yellow-AU"""
cmrhc1dy40002b3ib1674bu5h,1080P LED Mini High Definition Projector,425793.10,42659182772309,CJSJYDSJ00002-Blue set-EU,FAA57DF9-2EF9-4FAC-9BB6-17155951902E,78EEDF20-6541-4D65-B090-5EFB87D31CF1,CJSJYDSJ00002-Blue set-EU,high,"Auto-match por SKU ""CJSJYDSJ00002-Yellow-AU"""
cmrhc1dy40002b3ib1674bu5h,1080P LED Mini High Definition Projector,473103.45,42659182805077,CJSJYDSJ00002-Yellow-US 16GB,FAA57DF9-2EF9-4FAC-9BB6-17155951902E,82272E9D-3509-473A-9D9E-402579510DA6,CJSJYDSJ00002-Yellow-US 16GB,high,"Auto-match por SKU ""CJSJYDSJ00002-Yellow-AU"""
cmrhc1dy40002b3ib1674bu5h,1080P LED Mini High Definition Projector,444448.28,42659182837845,CJSJYDSJ00002-Yellow set-AU,FAA57DF9-2EF9-4FAC-9BB6-17155951902E,851A7C2C-2EB4-45EB-BB14-F53F1EBAE3FC,CJSJYDSJ00002-Yellow set-AU,high,"Auto-match por SKU ""CJSJYDSJ00002-Yellow-AU"""
cmrhc1dy40002b3ib1674bu5h,1080P LED Mini High Definition Projector,405862.07,42659182870613,CJSJYDSJ00002-Black set-EU,FAA57DF9-2EF9-4FAC-9BB6-17155951902E,901E5FD5-2615-4BA8-B174-7E059C9B2D1A,CJSJYDSJ00002-Black set-EU,high,"Auto-match por SKU ""CJSJYDSJ00002-Yellow-AU"""
cmrhc1dy40002b3ib1674bu5h,1080P LED Mini High Definition Projector,471862.07,42659182903381,CJSJYDSJ00002-Yellow-US 8GB,FAA57DF9-2EF9-4FAC-9BB6-17155951902E,90434B00-7E5A-4F46-A349-81002A121A19,CJSJYDSJ00002-Yellow-US 8GB,high,"Auto-match por SKU ""CJSJYDSJ00002-Yellow-AU"""
cmrhc1dy40002b3ib1674bu5h,1080P LED Mini High Definition Projector,480551.72,42659182936149,CJSJYDSJ00002-Yellow-US 32GB,FAA57DF9-2EF9-4FAC-9BB6-17155951902E,95EA40FF-45EC-4D46-9098-4CCC92662427,CJSJYDSJ00002-Yellow-US 32GB,high,"Auto-match por SKU ""CJSJYDSJ00002-Yellow-AU"""
cmrhc1dy40002b3ib1674bu5h,1080P LED Mini High Definition Projector,68275.86,42659182968917,CJSJYDSJ00002-8GB-SD card,FAA57DF9-2EF9-4FAC-9BB6-17155951902E,97EBA5D2-C7B5-431C-B5F4-DBE3C8982BD7,CJSJYDSJ00002-8GB-SD card,high,"Auto-match por SKU ""CJSJYDSJ00002-Yellow-AU"""
cmrhc1dy40002b3ib1674bu5h,1080P LED Mini High Definition Projector,388448.28,42659183001685,CJSJYDSJ00002-Blue-AU,FAA57DF9-2EF9-4FAC-9BB6-17155951902E,99F05165-7142-4534-BA8E-E36AC25E298E,CJSJYDSJ00002-Blue-AU,high,"Auto-match por SKU ""CJSJYDSJ00002-Yellow-AU"""
cmrhc1dy40002b3ib1674bu5h,1080P LED Mini High Definition Projector,68413.79,42659183034453,CJSJYDSJ00002-4GB-SD card,FAA57DF9-2EF9-4FAC-9BB6-17155951902E,9D0FEE56-D552-4329-8368-DE904A93D4EB,CJSJYDSJ00002-4GB-SD card,high,"Auto-match por SKU ""CJSJYDSJ00002-Yellow-AU"""
cmrhc1dy40002b3ib1674bu5h,1080P LED Mini High Definition Projector,444448.28,42659183067221,CJSJYDSJ00002-Yellow set-EU,FAA57DF9-2EF9-4FAC-9BB6-17155951902E,AC50F446-A417-444D-A090-392C9D94FB45,CJSJYDSJ00002-Yellow set-EU,high,"Auto-match por SKU ""CJSJYDSJ00002-Yellow-AU"""
cmrhc1dy40002b3ib1674bu5h,1080P LED Mini High Definition Projector,398793.10,42659183099989,CJSJYDSJ00002-Blue-US,FAA57DF9-2EF9-4FAC-9BB6-17155951902E,AE98A8A9-9DF1-48AA-A057-2AD8B17DF4DC,CJSJYDSJ00002-Blue-US,high,"Auto-match por SKU ""CJSJYDSJ00002-Yellow-AU"""
cmrhc1dy40002b3ib1674bu5h,1080P LED Mini High Definition Projector,388448.28,42659183132757,CJSJYDSJ00002-Blue-UK,FAA57DF9-2EF9-4FAC-9BB6-17155951902E,B53A4974-28FF-4A16-8BC9-90811B365F53,CJSJYDSJ00002-Blue-UK,high,"Auto-match por SKU ""CJSJYDSJ00002-Yellow-AU"""
cmrhc1dy40002b3ib1674bu5h,1080P LED Mini High Definition Projector,480551.72,42659183165525,CJSJYDSJ00002-Yellow-UK 32GB,FAA57DF9-2EF9-4FAC-9BB6-17155951902E,B5A7D8D2-B7F3-470A-9C0A-6D2587F4635B,CJSJYDSJ00002-Yellow-UK 32GB,high,"Auto-match por SKU ""CJSJYDSJ00002-Yellow-AU"""
cmrhc1dy40002b3ib1674bu5h,1080P LED Mini High Definition Projector,65655.17,42659183198293,CJSJYDSJ00002-Silver-Tripod,FAA57DF9-2EF9-4FAC-9BB6-17155951902E,B7F69BFA-0F0A-4340-B0A5-D0F7D292EA63,CJSJYDSJ00002-Silver-Tripod,high,"Auto-match por SKU ""CJSJYDSJ00002-Yellow-AU"""
cmrhc1dy40002b3ib1674bu5h,1080P LED Mini High Definition Projector,444448.28,42659183231061,CJSJYDSJ00002-Yellow set-US,FAA57DF9-2EF9-4FAC-9BB6-17155951902E,BB25BF2E-306A-4474-A137-6BEE2E4A8887,CJSJYDSJ00002-Yellow set-US,high,"Auto-match por SKU ""CJSJYDSJ00002-Yellow-AU"""
cmrhc1dy40002b3ib1674bu5h,1080P LED Mini High Definition Projector,388448.28,42659183263829,CJSJYDSJ00002-Blue-EU,FAA57DF9-2EF9-4FAC-9BB6-17155951902E,CB44277E-80DD-4E24-949D-CB120C786042,CJSJYDSJ00002-Blue-EU,high,"Auto-match por SKU ""CJSJYDSJ00002-Yellow-AU"""
cmrhc1dy40002b3ib1674bu5h,1080P LED Mini High Definition Projector,437379.31,42659183296597,CJSJYDSJ00002-Yellow-EU,FAA57DF9-2EF9-4FAC-9BB6-17155951902E,D3825988-BAF3-423E-853E-6ACB023D7D80,CJSJYDSJ00002-Yellow-EU,high,"Auto-match por SKU ""CJSJYDSJ00002-Yellow-AU"""
cmrhc1dy40002b3ib1674bu5h,1080P LED Mini High Definition Projector,471862.07,42659183329365,CJSJYDSJ00002-Yellow-EU 8GB,FAA57DF9-2EF9-4FAC-9BB6-17155951902E,D4EAE846-7A96-4C92-8843-056C9F931677,CJSJYDSJ00002-Yellow-EU 8GB,high,"Auto-match por SKU ""CJSJYDSJ00002-Yellow-AU"""
cmrhc1dy40002b3ib1674bu5h,1080P LED Mini High Definition Projector,473103.45,42659183362133,CJSJYDSJ00002-Yellow-AU 16GB,FAA57DF9-2EF9-4FAC-9BB6-17155951902E,D55F150D-6A0A-4F49-A583-810F236C310A,CJSJYDSJ00002-Yellow-AU 16GB,high,"Auto-match por SKU ""CJSJYDSJ00002-Yellow-AU"""
cmrhc1dy40002b3ib1674bu5h,1080P LED Mini High Definition Projector,437379.31,42659183394901,CJSJYDSJ00002-Yellow-US,FAA57DF9-2EF9-4FAC-9BB6-17155951902E,DA4CE67F-16DD-4462-AC82-255F21CDCD9C,CJSJYDSJ00002-Yellow-US,high,"Auto-match por SKU ""CJSJYDSJ00002-Yellow-AU"""
cmrhc1dy40002b3ib1674bu5h,1080P LED Mini High Definition Projector,470620.69,42659183427669,CJSJYDSJ00002-Yellow-EU 4GB,FAA57DF9-2EF9-4FAC-9BB6-17155951902E,E1912527-03F7-4F30-89C1-E5D01436D282,CJSJYDSJ00002-Yellow-EU 4GB,high,"Auto-match por SKU ""CJSJYDSJ00002-Yellow-AU"""
cmrhc1dy40002b3ib1674bu5h,1080P LED Mini High Definition Projector,405862.07,42659183460437,CJSJYDSJ00002-Black set-UK,FAA57DF9-2EF9-4FAC-9BB6-17155951902E,E8FC398E-8D36-47B0-8CB3-01AE00F5CAB5,CJSJYDSJ00002-Black set-UK,high,"Auto-match por SKU ""CJSJYDSJ00002-Yellow-AU"""
cmrhc1dy40002b3ib1674bu5h,1080P LED Mini High Definition Projector,473103.45,42659183493205,CJSJYDSJ00002-Yellow-EU 16GB,FAA57DF9-2EF9-4FAC-9BB6-17155951902E,F13A2D02-02C3-477F-B526-4BF89C41A9D2,CJSJYDSJ00002-Yellow-EU 16GB,high,"Auto-match por SKU ""CJSJYDSJ00002-Yellow-AU"""
cmrhc1dy40002b3ib1674bu5h,1080P LED Mini High Definition Projector,408620.69,42659183525973,CJSJYDSJ00002-Black-US,FAA57DF9-2EF9-4FAC-9BB6-17155951902E,F233F552-C9F7-4CA7-B948-1DA2EFD98C2F,CJSJYDSJ00002-Black-US,high,"Auto-match por SKU ""CJSJYDSJ00002-Yellow-AU"""
cmrhc1dy40002b3ib1674bu5h,1080P LED Mini High Definition Projector,470620.69,42659183558741,CJSJYDSJ00002-Yellow-AU 4GB,FAA57DF9-2EF9-4FAC-9BB6-17155951902E,F6669493-351E-4AD3-ABDE-59D84240B7D7,CJSJYDSJ00002-Yellow-AU 4GB,high,"Auto-match por SKU ""CJSJYDSJ00002-Yellow-AU"""
cmrhc1g8e000mb3ibc2t45pd2,2 In 1 Phone Computer Screen Cleaner Kit For Screen Dust Removal Microfiber Cloth Set,59896.55,42659383410773,CJSJSJSJ01181-Pink,28191F94-A25B-4A64-A57B-E4674E560FAD,12E1D2E9-B604-4289-89A7-0059CDC29951,CJSJSJSJ01181-Pink,high,"Auto-match por SKU ""CJSJSJSJ01181-Pink"""
cmrhc1g8e000mb3ibc2t45pd2,2 In 1 Phone Computer Screen Cleaner Kit For Screen Dust Removal Microfiber Cloth Set,44172.41,42659383443541,CJSJSJSJ01181-2PC Grey,28191F94-A25B-4A64-A57B-E4674E560FAD,1436288824501211136,CJSJSJSJ01181-2PC Grey,high,"Auto-match por SKU ""CJSJSJSJ01181-Pink"""
cmrhc1g8e000mb3ibc2t45pd2,2 In 1 Phone Computer Screen Cleaner Kit For Screen Dust Removal Microfiber Cloth Set,48241.38,42659383476309,CJSJSJSJ01181-Sky blue with shell,28191F94-A25B-4A64-A57B-E4674E560FAD,1444615221607010304,CJSJSJSJ01181-Sky blue with shell,high,"Auto-match por SKU ""CJSJSJSJ01181-Pink"""
cmrhc1g8e000mb3ibc2t45pd2,2 In 1 Phone Computer Screen Cleaner Kit For Screen Dust Removal Microfiber Cloth Set,41517.24,42659383509077,CJSJSJSJ01181-Pink with shell,28191F94-A25B-4A64-A57B-E4674E560FAD,1444615221619593216,CJSJSJSJ01181-Pink with shell,high,"Auto-match por SKU ""CJSJSJSJ01181-Pink"""
cmrhc1g8e000mb3ibc2t45pd2,2 In 1 Phone Computer Screen Cleaner Kit For Screen Dust Removal Microfiber Cloth Set,41517.24,42659383541845,CJSJSJSJ01181-Gray with shell,28191F94-A25B-4A64-A57B-E4674E560FAD,1444615221627981824,CJSJSJSJ01181-Gray with shell,high,"Auto-match por SKU ""CJSJSJSJ01181-Pink"""
cmrhc1g8e000mb3ibc2t45pd2,2 In 1 Phone Computer Screen Cleaner Kit For Screen Dust Removal Microfiber Cloth Set,44172.41,42659383574613,CJSJSJSJ01181-Pink 2pc,28191F94-A25B-4A64-A57B-E4674E560FAD,1458348636403535872,CJSJSJSJ01181-Pink 2pc,high,"Auto-match por SKU ""CJSJSJSJ01181-Pink"""
cmrhc1g8e000mb3ibc2t45pd2,2 In 1 Phone Computer Screen Cleaner Kit For Screen Dust Removal Microfiber Cloth Set,78206.90,42659383607381,CJSJSJSJ01181-Black set,28191F94-A25B-4A64-A57B-E4674E560FAD,1655405617282031616,CJSJSJSJ01181-Black set,high,"Auto-match por SKU ""CJSJSJSJ01181-Pink"""
cmrhc1g8e000mb3ibc2t45pd2,2 In 1 Phone Computer Screen Cleaner Kit For Screen Dust Removal Microfiber Cloth Set,67793.10,42659383640149,CJSJSJSJ01181-Blue set,28191F94-A25B-4A64-A57B-E4674E560FAD,1655405617344946176,CJSJSJSJ01181-Blue set,high,"Auto-match por SKU ""CJSJSJSJ01181-Pink"""
cmrhc1g8e000mb3ibc2t45pd2,2 In 1 Phone Computer Screen Cleaner Kit For Screen Dust Removal Microfiber Cloth Set,99000.00,42659383672917,CJSJSJSJ01181-Green set,28191F94-A25B-4A64-A57B-E4674E560FAD,1655405617399472128,CJSJSJSJ01181-Green set,high,"Auto-match por SKU ""CJSJSJSJ01181-Pink"""
cmrhc1g8e000mb3ibc2t45pd2,2 In 1 Phone Computer Screen Cleaner Kit For Screen Dust Removal Microfiber Cloth Set,64586.21,42659383705685,CJSJSJSJ01181-Grey set,28191F94-A25B-4A64-A57B-E4674E560FAD,1655405617462386688,CJSJSJSJ01181-Grey set,high,"Auto-match por SKU ""CJSJSJSJ01181-Pink"""
cmrhc1g8e000mb3ibc2t45pd2,2 In 1 Phone Computer Screen Cleaner Kit For Screen Dust Removal Microfiber Cloth Set,87931.03,42659383738453,CJSJSJSJ01181-Pink set,28191F94-A25B-4A64-A57B-E4674E560FAD,1655405617525301248,CJSJSJSJ01181-Pink set,high,"Auto-match por SKU ""CJSJSJSJ01181-Pink"""
cmrhc1g8e000mb3ibc2t45pd2,2 In 1 Phone Computer Screen Cleaner Kit For Screen Dust Removal Microfiber Cloth Set,67793.10,42659383771221,CJSJSJSJ01181-Red set,28191F94-A25B-4A64-A57B-E4674E560FAD,1655405617584021504,CJSJSJSJ01181-Red set,high,"Auto-match por SKU ""CJSJSJSJ01181-Pink"""
cmrhc1g8e000mb3ibc2t45pd2,2 In 1 Phone Computer Screen Cleaner Kit For Screen Dust Removal Microfiber Cloth Set,39206.90,42659383803989,CJSJSJSJ01181-Blue,28191F94-A25B-4A64-A57B-E4674E560FAD,3990E758-9C70-4E7F-8651-59ED15C72998,CJSJSJSJ01181-Blue,high,"Auto-match por SKU ""CJSJSJSJ01181-Pink"""
cmrhc1g8e000mb3ibc2t45pd2,2 In 1 Phone Computer Screen Cleaner Kit For Screen Dust Removal Microfiber Cloth Set,70689.66,42659383836757,CJSJSJSJ01181-Green,28191F94-A25B-4A64-A57B-E4674E560FAD,3F7F0AD9-3DC9-44AD-9081-239F32DEE09D,CJSJSJSJ01181-Green,high,"Auto-match por SKU ""CJSJSJSJ01181-Pink"""
cmrhc1g8e000mb3ibc2t45pd2,2 In 1 Phone Computer Screen Cleaner Kit For Screen Dust Removal Microfiber Cloth Set,39206.90,42659383869525,CJSJSJSJ01181-Red,28191F94-A25B-4A64-A57B-E4674E560FAD,452062B5-6039-481C-83F9-6C373EFFD823,CJSJSJSJ01181-Red,high,"Auto-match por SKU ""CJSJSJSJ01181-Pink"""
cmrhc1g8e000mb3ibc2t45pd2,2 In 1 Phone Computer Screen Cleaner Kit For Screen Dust Removal Microfiber Cloth Set,40655.17,42659383902293,CJSJSJSJ01181-Grey,28191F94-A25B-4A64-A57B-E4674E560FAD,49654CB4-849C-49EF-BFFE-ADAD0F9D5B88,CJSJSJSJ01181-Grey,high,"Auto-match por SKU ""CJSJSJSJ01181-Pink"""
cmrhc1g8e000mb3ibc2t45pd2,2 In 1 Phone Computer Screen Cleaner Kit For Screen Dust Removal Microfiber Cloth Set,39206.90,42659383935061,CJSJSJSJ01181-Black,28191F94-A25B-4A64-A57B-E4674E560FAD,67A064B4-776C-4282-98A6-2027A68D0FB3,CJSJSJSJ01181-Black,high,"Auto-match por SKU ""CJSJSJSJ01181-Pink"""
cmrhc1g8e000mb3ibc2t45pd2,2 In 1 Phone Computer Screen Cleaner Kit For Screen Dust Removal Microfiber Cloth Set,89068.97,42659383967829,CJSJSJSJ01181-Pink grey,28191F94-A25B-4A64-A57B-E4674E560FAD,939D51EB-E71D-4098-A159-2FE8951A7667,CJSJSJSJ01181-Pink grey,high,"Auto-match por SKU ""CJSJSJSJ01181-Pink"""
cmrhc1ibf0016b3ib8haljc18,3 In 1 Multi-Function IPhone And AirPods Wireless Charger Portable Bluetooth Speaker With Touch Lamp For Home And Office,378586.21,42659211411541,CJYS172505401AZ,1643186439066226688,1643186439145918464,CJYS172505401AZ,high,"Auto-match por SKU ""CJYS172505401AZ"""
cmrhc1ibf0016b3ib8haljc18,3 In 1 Multi-Function IPhone And AirPods Wireless Charger Portable Bluetooth Speaker With Touch Lamp For Home And Office,378586.21,42659211444309,CJYS172505402BY,1643186439066226688,1643186439213027328,CJYS172505402BY,high,"Auto-match por SKU ""CJYS172505401AZ"""
cmrhc1ibf0016b3ib8haljc18,3 In 1 Multi-Function IPhone And AirPods Wireless Charger Portable Bluetooth Speaker With Touch Lamp For Home And Office,660586.21,42659211477077,CJYS172505403CX,1643186439066226688,2512130124561628200,CJYS172505403CX,high,"Auto-match por SKU ""CJYS172505401AZ"""
cmrhc1knf001ub3ibcel1dgq3,3D LED Moon Night Light Wireless Magnetic Levitating Rotating Floating Ball Lamp For School Office Bookshop Home Decoration,591620.69,42659193061461,CJXFZNZN01912-Black-EU,AAEF31C7-57AC-4BE5-B67D-DAB8D3B3D6F6,1469128717304467456,CJXFZNZN01912-Black-EU,high,"Auto-match por SKU ""CJXFZNZN01912-Black-EU"""
cmrhc1knf001ub3ibcel1dgq3,3D LED Moon Night Light Wireless Magnetic Levitating Rotating Floating Ball Lamp For School Office Bookshop Home Decoration,500724.14,42659193094229,CJXFZNZN01912-Black-US,AAEF31C7-57AC-4BE5-B67D-DAB8D3B3D6F6,1469128717350604800,CJXFZNZN01912-Black-US,high,"Auto-match por SKU ""CJXFZNZN01912-Black-EU"""
cmrhc1knf001ub3ibcel1dgq3,3D LED Moon Night Light Wireless Magnetic Levitating Rotating Floating Ball Lamp For School Office Bookshop Home Decoration,500724.14,42659193126997,CJXFZNZN01912-Black-UK,AAEF31C7-57AC-4BE5-B67D-DAB8D3B3D6F6,1469128717354799104,CJXFZNZN01912-Black-UK,high,"Auto-match por SKU ""CJXFZNZN01912-Black-EU"""
cmrhc1knf001ub3ibcel1dgq3,3D LED Moon Night Light Wireless Magnetic Levitating Rotating Floating Ball Lamp For School Office Bookshop Home Decoration,500724.14,42659193159765,CJXFZNZN01912-Black-AU,AAEF31C7-57AC-4BE5-B67D-DAB8D3B3D6F6,1469128717358993408,CJXFZNZN01912-Black-AU,high,"Auto-match por SKU ""CJXFZNZN01912-Black-EU"""
cmrhc1knf001ub3ibcel1dgq3,3D LED Moon Night Light Wireless Magnetic Levitating Rotating Floating Ball Lamp For School Office Bookshop Home Decoration,500724.14,42659193192533,CJXFZNZN01912-Gold-EU,AAEF31C7-57AC-4BE5-B67D-DAB8D3B3D6F6,1469128717358993409,CJXFZNZN01912-Gold-EU,high,"Auto-match por SKU ""CJXFZNZN01912-Black-EU"""
cmrhc1knf001ub3ibcel1dgq3,3D LED Moon Night Light Wireless Magnetic Levitating Rotating Floating Ball Lamp For School Office Bookshop Home Decoration,500724.14,42659193225301,CJXFZNZN01912-Gold-US,AAEF31C7-57AC-4BE5-B67D-DAB8D3B3D6F6,1469128717358993410,CJXFZNZN01912-Gold-US,high,"Auto-match por SKU ""CJXFZNZN01912-Black-EU"""
cmrhc1knf001ub3ibcel1dgq3,3D LED Moon Night Light Wireless Magnetic Levitating Rotating Floating Ball Lamp For School Office Bookshop Home Decoration,500724.14,42659193258069,CJXFZNZN01912-Gold-UK,AAEF31C7-57AC-4BE5-B67D-DAB8D3B3D6F6,1469128717363187712,CJXFZNZN01912-Gold-UK,high,"Auto-match por SKU ""CJXFZNZN01912-Black-EU"""
cmrhc1knf001ub3ibcel1dgq3,3D LED Moon Night Light Wireless Magnetic Levitating Rotating Floating Ball Lamp For School Office Bookshop Home Decoration,500724.14,42659193290837,CJXFZNZN01912-Gold-AU,AAEF31C7-57AC-4BE5-B67D-DAB8D3B3D6F6,1469128717363187713,CJXFZNZN01912-Gold-AU,high,"Auto-match por SKU ""CJXFZNZN01912-Black-EU"""